vehicle_plate,report_date,flag_reason,reported_by
DL02AB1002,2026-09-10,UNINSURED — no policy on record,automated-integration-engine
DL03AB1003,2026-09-10,INSURANCE EXPIRED on 2026-08-11,automated-integration-engine
DL03AB1003,2026-09-10,VEHICLE FLAGGED: STOLEN,automated-integration-engine
DL06AB1006,2026-09-10,INSURANCE EXPIRED on 2026-08-11,automated-integration-engine
DL07AB1007,2026-09-10,UNINSURED — no policy on record,automated-integration-engine
DL12AB1012,2026-09-10,UNINSURED — no policy on record,automated-integration-engine
DL13AB1013,2026-09-10,INSURANCE EXPIRED on 2026-08-11,automated-integration-engine
DL17AB1017,2026-09-10,UNINSURED — no policy on record,automated-integration-engine
DL22AB1022,2026-09-10,UNINSURED — no policy on record,automated-integration-engine
DL23AB1023,2026-09-10,INSURANCE EXPIRED on 2026-08-11,automated-integration-engine
DL27AB1027,2026-09-10,UNINSURED — no policy on record,automated-integration-engine
DL32AB1032,2026-09-10,UNINSURED — no policy on record,automated-integration-engine
DL37AB1037,2026-09-10,UNINSURED — no policy on record,automated-integration-engine
