id,plate_no,theft_date,status,shredded_date
2807,DL03AC2946,2025-09-07,recovered,
7335,DL03AC7869,2024-12-24,shredded,2025-08-17
1796,DL09AI9539,2026-07-29,stolen,
8977,DL04AD8829,2026-07-03,stolen,
7202,DL01AA8392,2023-08-28,shredded,2023-09-25
5311,DL01AA1267,2026-08-02,stolen,
483,DL09AI5823,2025-04-03,shredded,2025-06-19
6551,DL06AF9470,2026-02-02,shredded,2026-06-13
4253,DL05AE0135,2023-08-11,recovered,
7823,DL10AJ8174,2025-06-02,recovered,
9450,DL04AD3586,2026-03-11,stolen,
4653,DL07AG5107,2024-10-02,stolen,
6491,DL10AJ9693,2025-02-13,recovered,
9664,DL10AJ7647,2024-03-18,recovered,
9508,DL01AA2671,2025-08-26,stolen,
6257,DL10AJ8567,2024-03-29,recovered,
838,DL08AH5341,2025-07-12,stolen,
3614,DL08AH0697,2024-02-01,shredded,2024-08-13
2591,DL04AD5509,2026-07-02,stolen,
1749,DL02AB0328,2025-03-22,shredded,2025-06-01
8683,DL01AA7685,2026-01-09,stolen,
9065,DL09AI9364,2026-04-05,stolen,
8498,DL01AA2260,2025-10-05,recovered,
7384,DL05AE6566,2025-12-24,shredded,2026-02-13
7294,DL08AH8104,2023-10-27,recovered,
4499,DL07AG7952,2024-04-07,shredded,2024-10-26
592,DL06AF8878,2026-05-07,recovered,
5906,DL04AD5697,2024-10-03,recovered,
2088,DL06AF7125,2024-02-28,shredded,2024-11-21
5826,DL08AH8135,2026-02-27,shredded,2026-05-21
