id,vehicle_number,insurer_name,policy_no,policy_start_date,policy_end_date,premium_amount
44,DL01AA0053,TATA AIG,POL-0000044,2024-11-12,2025-06-24,16965.11
57,DL01AA0074,TATA AIG,POL-0000057,2025-04-14,2026-06-02,9120.09
123,DL01AA0150,ICICI Lombard,POL-0000123,2024-11-20,2025-08-05,21768.37
181,DL01AA0221,HDFC Ergo,POL-0000181,2024-12-29,2026-01-29,13204.94
227,DL01AA0282,TATA AIG,POL-0000227,2025-06-06,2026-06-16,4866.52
270,DL01AA0336,Bajaj Allianz,POL-0000270,2026-02-06,2026-06-06,21765.72
279,DL01AA0350,ICICI Lombard,POL-0000279,2026-05-26,2026-07-15,16632.29
342,DL01AA0425,HDFC Ergo,POL-0000342,2025-08-27,2026-08-09,23829.1
585,DL01AA0726,TATA AIG,POL-0000585,2025-03-28,2025-09-22,20729.1
626,DL01AA0772,TATA AIG,POL-0000626,2025-06-23,2025-07-07,16401.4
694,DL01AA0851,Bajaj Allianz,POL-0000694,2025-02-02,2026-05-27,19634.75
764,DL01AA0942,Bajaj Allianz,POL-0000764,2025-05-30,2026-01-21,19774.01
829,DL01AA1025,TATA AIG,POL-0000829,2026-03-14,2027-02-04,18668.78
863,DL01AA1061,TATA AIG,POL-0000863,2024-10-26,2026-08-26,7353.51
997,DL01AA1220,TATA AIG,POL-0000997,2025-11-04,2026-02-05,24310.56
1005,DL01AA1231,Bajaj Allianz,POL-0001005,2025-02-05,2026-05-08,22939.95
1030,DL01AA1267,Bajaj Allianz,POL-0001030,2026-02-20,2027-08-01,9542.42
1077,DL01AA1330,Bajaj Allianz,POL-0001077,2026-01-01,2027-10-20,14961.0
1301,DL01AA1607,HDFC Ergo,POL-0001301,2026-03-10,2027-09-06,15741.14
1340,DL01AA1658,TATA AIG,POL-0001340,2025-10-12,2027-07-01,7264.74
1438,DL01AA1792,ICICI Lombard,POL-0001438,2025-08-04,2026-06-11,12594.75
1461,DL01AA1824,HDFC Ergo,POL-0001461,2025-12-05,2027-08-06,4334.37
1485,DL01AA1854,TATA AIG,POL-0001485,2026-01-29,2027-02-07,16909.89
1551,DL01AA1934,TATA AIG,POL-0001551,2025-08-01,2026-07-17,17286.36
1611,DL01AA2011,ICICI Lombard,POL-0001611,2024-10-23,2025-11-24,24739.98
2041,DL01AA2540,ICICI Lombard,POL-0002041,2026-03-29,2026-11-12,21009.7
2142,DL01AA2671,HDFC Ergo,POL-0002142,2026-03-19,2026-06-13,6186.27
2180,DL01AA2719,HDFC Ergo,POL-0002180,2026-06-11,2026-06-30,22504.9
2308,DL01AA2875,HDFC Ergo,POL-0002308,2026-02-22,2027-04-30,8148.75
2494,DL01AA3101,Bajaj Allianz,POL-0002494,2025-03-10,2025-04-19,4505.38
2579,DL01AA3201,ICICI Lombard,POL-0002579,2025-06-29,2026-02-23,18869.4
2617,DL01AA3248,TATA AIG,POL-0002617,2025-09-19,2026-05-19,22106.22
2640,DL01AA3280,ICICI Lombard,POL-0002640,2025-12-06,2026-05-05,8205.11
2708,DL01AA3365,TATA AIG,POL-0002708,2025-05-10,2026-12-17,14127.34
2731,DL01AA3390,ICICI Lombard,POL-0002731,2024-12-12,2025-11-02,24159.03
2796,DL01AA3478,Bajaj Allianz,POL-0002796,2026-06-09,2028-04-19,17067.94
2840,DL01AA3534,ICICI Lombard,POL-0002840,2025-09-20,2027-07-06,11628.27
2853,DL01AA3552,ICICI Lombard,POL-0002853,2025-02-28,2025-07-24,8995.89
2910,DL01AA3617,TATA AIG,POL-0002910,2024-11-29,2025-08-30,7536.87
3029,DL01AA3761,ICICI Lombard,POL-0003029,2025-08-06,2026-07-15,18451.5
3055,DL01AA3794,ICICI Lombard,POL-0003055,2024-10-04,2025-12-12,6202.05
3064,DL01AA3804,Bajaj Allianz,POL-0003064,2026-03-15,2027-05-20,15381.4
3143,DL01AA3905,TATA AIG,POL-0003143,2025-11-07,2027-09-13,12587.46
3277,DL01AA4067,ICICI Lombard,POL-0003277,2025-11-29,2026-09-17,22354.2
3316,DL01AA4117,ICICI Lombard,POL-0003316,2025-08-06,2027-01-29,17060.39
3436,DL01AA4278,ICICI Lombard,POL-0003436,2025-07-20,2025-08-27,12499.6
3509,DL01AA4373,TATA AIG,POL-0003509,2025-06-06,2025-08-21,10822.46
3768,DL01AA4705,TATA AIG,POL-0003768,2026-01-13,2026-02-04,21866.26
3845,DL01AA4809,HDFC Ergo,POL-0003845,2024-09-13,2025-12-14,7854.21
3880,DL01AA4852,HDFC Ergo,POL-0003880,2024-10-06,2026-01-05,4971.07
3901,DL01AA4877,HDFC Ergo,POL-0003901,2025-01-17,2026-04-14,23902.61
4006,DL01AA5014,ICICI Lombard,POL-0004006,2025-03-18,2025-11-23,21873.44
4055,DL01AA5075,ICICI Lombard,POL-0004055,2026-06-21,2027-06-23,4350.87
4132,DL01AA5167,TATA AIG,POL-0004132,2025-11-17,2026-07-01,6296.9
4170,DL01AA5209,Bajaj Allianz,POL-0004170,2024-11-22,2026-02-27,20173.07
4214,DL01AA5273,TATA AIG,POL-0004214,2025-03-07,2026-04-04,10055.93
4217,DL01AA5276,ICICI Lombard,POL-0004217,2025-02-25,2025-11-04,21583.3
4309,DL01AA5383,HDFC Ergo,POL-0004309,2025-04-17,2026-08-10,5626.93
4384,DL01AA5482,TATA AIG,POL-0004384,2024-10-11,2025-08-03,10884.31
4542,DL01AA5695,TATA AIG,POL-0004542,2026-05-12,2028-03-29,16470.05
4564,DL01AA5720,Bajaj Allianz,POL-0004564,2025-04-09,2026-06-13,22945.93
4612,DL01AA5778,HDFC Ergo,POL-0004612,2025-07-22,2027-03-20,11476.21
4639,DL01AA5817,HDFC Ergo,POL-0004639,2025-04-17,2025-06-25,19318.32
4766,DL 01 AA 5965,HDFC Ergo,POL-0004766,2024-10-01,2025-07-29,7686.43
4798,DL01AA6006,Bajaj Allianz,POL-0004798,2024-11-11,2026-06-27,10285.71
4838,DL01AA6057,TATA AIG,POL-0004838,2026-04-14,2028-02-19,11712.76
4930,DL01AA6175,TATA AIG,POL-0004930,2025-03-13,2026-06-22,23440.7
5134,DL01AA6428,TATA AIG,POL-0005134,2025-08-02,2027-02-26,14796.58
5246,DL01AA6572,Bajaj Allianz,POL-0005246,2026-04-12,2027-09-17,22738.57
5254,DL01AA6582,TATA AIG,POL-0005254,2025-10-16,2026-07-26,13511.32
5261,DL01AA6590,HDFC Ergo,POL-0005261,2026-06-12,2027-09-14,5501.7
5292,DL01AA6630,Bajaj Allianz,POL-0005292,2025-08-25,2025-10-15,19041.25
5313,DL01AA6658,HDFC Ergo,POL-0005313,2025-09-18,2026-08-12,22258.33
5371,DL01AA6734,TATA AIG,POL-0005371,2025-08-07,2025-08-21,18967.88
5394,DL01AA6764,HDFC Ergo,POL-0005394,2025-01-24,2025-11-07,6171.23
5675,DL01AA7100,TATA AIG,POL-0005675,2026-01-29,2026-07-03,9879.56
5679,DL01AA7104,HDFC Ergo,POL-0005679,2024-12-16,2025-09-16,11418.17
5716,DL01AA7146,ICICI Lombard,POL-0005716,2024-10-09,2025-06-25,19587.01
5866,DL01AA7331,HDFC Ergo,POL-0005866,2026-05-09,2028-03-18,16100.26
5889,DL01AA7355,TATA AIG,POL-0005889,2026-01-23,2026-04-24,23578.02
5972,DL01AA7455,HDFC Ergo,POL-0005972,2024-09-18,2025-06-22,11928.69
6000,DL01AA7492,Bajaj Allianz,POL-0006000,2025-03-31,2026-07-17,24166.89
6085,DL01AA7592,TATA AIG,POL-0006085,2025-05-23,2027-03-28,6259.35
6143,DL01AA7665,Bajaj Allianz,POL-0006143,2024-12-05,2025-07-03,7125.47
6157,DL01AA7685,TATA AIG,POL-0006157,2026-04-16,2026-06-08,7402.91
6180,DL01AA7716,TATA AIG,POL-0006180,2025-08-29,2025-10-06,19862.08
6324,DL01AA7894,ICICI Lombard,POL-0006324,2025-09-12,2025-12-09,8240.01
6362,DL01AA7944,Bajaj Allianz,POL-0006362,2024-10-04,2025-06-25,5723.71
6398,DL01AA7989,HDFC Ergo,POL-0006398,2025-10-18,2027-07-30,21623.75
6525,DL01AA8161,Bajaj Allianz,POL-0006525,2025-12-16,2026-12-06,18458.15
6627,DL01AA8285,ICICI Lombard,POL-0006627,2026-06-20,2027-05-19,8295.39
6659,DL01AA8326,Bajaj Allianz,POL-0006659,2025-02-26,2026-06-18,9293.98
6710,DL01AA8392,ICICI Lombard,POL-0006710,2025-06-07,2026-09-03,19499.75
6733,DL01AA8418,Bajaj Allianz,POL-0006733,2026-04-28,2026-06-27,18888.94
6843,DL01AA8564,ICICI Lombard,POL-0006843,2026-06-13,2027-01-14,20524.34
6933,DL01AA8675,Bajaj Allianz,POL-0006933,2026-04-01,2027-03-17,5260.29
7066,DL01AA8834,HDFC Ergo,POL-0007066,2024-09-12,2025-11-30,21084.43
7129,DL01AA8907,HDFC Ergo,POL-0007129,2025-02-13,2025-12-27,16185.29
7187,DL01AA8981,HDFC Ergo,POL-0007187,2025-09-04,2025-10-31,7133.36
7198,DL01AA8993,ICICI Lombard,POL-0007198,2026-05-28,2027-07-27,9123.47
7214,DL01AA9016,TATA AIG,POL-0007214,2024-09-25,2026-02-28,16300.92
7233,DL01AA9038,HDFC Ergo,POL-0007233,2025-05-24,2026-10-04,11927.71
7291,DL01AA9116,TATA AIG,POL-0007291,2026-01-22,2026-07-26,18256.24
7316,DL01AA9150,TATA AIG,POL-0007316,2026-03-17,2027-05-17,14136.61
7332,DL01AA9171,TATA AIG,POL-0007332,2025-09-08,2027-07-03,11967.3
7432,DL01AA9287,TATA AIG,POL-0007432,2026-01-24,2027-01-02,12150.03
7450,DL01AA9305,HDFC Ergo,POL-0007450,2025-10-17,2027-07-30,18384.26
7470,DL01AA9329,TATA AIG,POL-0007470,2026-01-27,2027-04-01,17699.79
7493,DL01AA9358,ICICI Lombard,POL-0007493,2026-01-18,2026-08-21,15569.71
7494,DL01AA9359,HDFC Ergo,POL-0007494,2026-05-21,2028-03-15,6452.44
7615,DL01AA9508,Bajaj Allianz,POL-0007615,2026-01-22,2026-05-13,10078.83
7641,DL01AA9545,TATA AIG,POL-0007641,2024-12-29,2025-09-23,15623.53
7851,DL01AA9807,TATA AIG,POL-0007851,2025-12-21,2027-02-19,21258.74
7873,DL01AA9838,ICICI Lombard,POL-0007873,2024-09-19,2025-08-20,6744.15
7908,DL01AA9880,ICICI Lombard,POL-0007908,2025-06-27,2027-05-02,17141.25
7979,DL01AA9961,TATA AIG,POL-0007979,2026-02-22,2026-03-28,17259.88
8125,DL02AB0155,ICICI Lombard,POL-0008125,2025-11-28,2027-08-14,14900.74
8273,DL02AB0350,ICICI Lombard,POL-0008273,2024-10-10,2026-05-17,15594.36
8361,DL02AB0458,TATA AIG,POL-0008361,2025-01-29,2026-10-10,6296.2
8397,DL02AB0500,Bajaj Allianz,POL-0008397,2025-07-29,2026-05-26,18063.55
8417,DL02AB0527,TATA AIG,POL-0008417,2025-02-18,2025-10-20,10580.45
8428,DL02AB0543,HDFC Ergo,POL-0008428,2026-05-09,2026-12-21,14681.85
8442,DL02AB0561,Bajaj Allianz,POL-0008442,2024-10-21,2026-03-29,4240.66
8508,DL02AB0641,Bajaj Allianz,POL-0008508,2025-06-10,2026-10-23,7492.51
8585,DL02AB0735,TATA AIG,POL-0008585,2026-04-11,2027-05-29,20740.89
8594,DL02AB0745,ICICI Lombard,POL-0008594,2024-10-24,2026-03-02,19928.78
8924,DL02AB1164,TATA AIG,POL-0008924,2024-10-18,2026-06-07,19107.3
8973,DL02AB1221,ICICI Lombard,POL-0008973,2026-05-06,2026-08-25,19136.01
8978,DL02AB1226,HDFC Ergo,POL-0008978,2026-07-01,2027-01-29,21197.4
9089,DL02AB1359,TATA AIG,POL-0009089,2025-06-16,2025-09-04,5406.78
9118,DL02AB1395,TATA AIG,POL-0009118,2026-06-17,2026-07-13,10450.38
9232,DL02AB1542,Bajaj Allianz,POL-0009232,2026-04-22,2026-06-06,15045.13
9470,DL02AB1836,TATA AIG,POL-0009470,2024-12-21,2025-01-09,18245.32
9526,DL02AB1915,Bajaj Allianz,POL-0009526,2026-06-06,2028-02-22,13367.41
9574,DL02AB1970,TATA AIG,POL-0009574,2026-07-10,2027-03-08,24522.31
9665,DL02AB2097,Bajaj Allianz,POL-0009665,2024-12-06,2025-07-24,23744.75
9705,DL02AB2156,Bajaj Allianz,POL-0009705,2026-02-11,2027-05-28,16672.89
9735,DL02AB2196,ICICI Lombard,POL-0009735,2024-11-22,2026-04-30,21327.92
9751,DL02AB2217,HDFC Ergo,POL-0009751,2024-09-21,2026-05-10,16062.33
9768,DL02AB2240,Bajaj Allianz,POL-0009768,2025-10-21,2026-08-30,18551.93
9866,DL02AB2363,Bajaj Allianz,POL-0009866,2025-11-03,2025-11-05,5849.47
10111,DL02AB2676,ICICI Lombard,POL-0010111,2024-10-18,2026-01-09,6093.87
10134,DL02AB2704,ICICI Lombard,POL-0010134,2025-03-24,2026-02-06,7031.44
10162,DL02AB2739,Bajaj Allianz,POL-0010162,2025-12-31,2026-11-05,7230.28
10238,DL02AB2833,TATA AIG,POL-0010238,2026-04-05,2026-06-27,11731.63
10293,DL02AB2903,Bajaj Allianz,POL-0010293,2024-09-20,2026-08-08,13031.63
10421,DL02AB3069,Bajaj Allianz,POL-0010421,2026-06-11,2027-10-06,13369.55
10451,DL02AB3104,ICICI Lombard,POL-0010451,2025-10-29,2026-04-18,15231.44
10492,DL02AB3154,TATA AIG,POL-0010492,2026-03-29,2028-01-23,12396.19
10506,DL02AB3173,HDFC Ergo,POL-0010506,2026-01-23,2026-06-23,4286.78
10559,DL02AB3238,Bajaj Allianz,POL-0010559,2025-11-02,2026-02-07,4389.27
10656,DL02AB3356,Bajaj Allianz,POL-0010656,2025-01-23,2026-08-18,16074.75
10690,DL02AB3396,Bajaj Allianz,POL-0010690,2025-07-22,2026-07-27,21007.1
10723,DL02AB3434,ICICI Lombard,POL-0010723,2026-06-08,2027-08-19,16550.98
10732,DL02AB3446,ICICI Lombard,POL-0010732,2024-11-12,2026-06-24,4909.63
10837,DL02AB3577,ICICI Lombard,POL-0010837,2025-03-31,2025-12-21,18721.36
11036,DL02AB3833,HDFC Ergo,POL-0011036,2024-11-29,2026-08-06,24075.27
11128,DL02AB3947,Bajaj Allianz,POL-0011128,2025-04-18,2026-11-10,13789.6
11149,DL02AB3970,ICICI Lombard,POL-0011149,2024-12-07,2026-05-22,13766.25
11158,DL02AB3979,HDFC Ergo,POL-0011158,2025-12-03,2026-10-02,13691.39
11196,DL02AB4029,Bajaj Allianz,POL-0011196,2024-12-10,2026-07-09,19075.49
11329,DL02AB4201,HDFC Ergo,POL-0011329,2025-04-04,2026-02-19,11884.06
11428,DL02AB4322,ICICI Lombard,POL-0011428,2026-02-07,2027-05-05,9290.29
11655,DL02AB4592,HDFC Ergo,POL-0011655,2025-05-25,2026-06-24,17794.47
11681,DL02AB4621,TATA AIG,POL-0011681,2025-04-30,2026-09-17,19540.81
11719,DL02AB4662,HDFC Ergo,POL-0011719,2025-08-12,2026-07-15,18772.66
11720,DL02AB4663,Bajaj Allianz,POL-0011720,2025-04-12,2026-05-29,18104.85
11882,DL02AB4871,HDFC Ergo,POL-0011882,2025-10-05,2025-12-25,10875.4
11951,DL02AB4953,HDFC Ergo,POL-0011951,2025-03-03,2025-12-25,22449.56
11985,DL02AB4993,TATA AIG,POL-0011985,2025-03-17,2026-11-29,9017.52
12001,DL02AB5012,Bajaj Allianz,POL-0012001,2025-03-18,2026-01-26,11752.32
12060,DL02AB5095,Bajaj Allianz,POL-0012060,2025-01-13,2025-08-11,21824.85
12078,DL02AB5118,TATA AIG,POL-0012078,2025-02-19,2026-01-01,16814.51
12136,DL02AB5194,HDFC Ergo,POL-0012136,2025-06-10,2026-07-13,16103.47
12162,DL02AB5220,HDFC Ergo,POL-0012162,2026-01-25,2027-04-09,12563.49
12298,DL02AB5396,TATA AIG,POL-0012298,2024-12-20,2026-03-03,4101.33
12392,DL02AB5525,ICICI Lombard,POL-0012392,2025-07-18,2027-01-19,11953.3
12506,DL02AB5670,HDFC Ergo,POL-0012506,2025-01-08,2025-08-25,4525.24
12535,DL02AB5713,ICICI Lombard,POL-0012535,2026-02-25,2026-07-27,8643.14
12611,DL02AB5814,Bajaj Allianz,POL-0012611,2024-11-02,2025-11-23,6781.08
12651,DL02AB5860,ICICI Lombard,POL-0012651,2026-07-01,2027-11-02,20104.45
12657,DL02AB5866,ICICI Lombard,POL-0012657,2026-01-14,2026-04-09,18951.06
12691,DL02AB5906,HDFC Ergo,POL-0012691,2025-02-06,2026-11-09,14698.12
12698,DL02AB5915,ICICI Lombard,POL-0012698,2024-09-20,2025-10-18,20555.77
12926,DL02AB6199,HDFC Ergo,POL-0012926,2025-05-16,2026-04-08,12307.34
13015,DL02AB6299,HDFC Ergo,POL-0013015,2025-05-13,2026-03-31,8800.51
13158,DL02AB6483,TATA AIG,POL-0013158,2025-04-26,2026-01-30,4248.21
13205,DL02AB6544,Bajaj Allianz,POL-0013205,2025-02-26,2026-01-22,20555.8
13208,DL02AB6547,Bajaj Allianz,POL-0013208,2024-11-19,2025-11-13,21978.02
13309,DL02AB6683,ICICI Lombard,POL-0013309,2026-03-18,2027-10-19,16361.3
13326,DL02AB6704,ICICI Lombard,POL-0013326,2024-12-05,2026-10-04,10128.82
13347,DL02AB6728,HDFC Ergo,POL-0013347,2024-09-14,2025-06-24,10973.31
13430,DL02AB6828,TATA AIG,POL-0013430,2025-12-29,2026-05-07,5037.3
13703,DL02AB7146,ICICI Lombard,POL-0013703,2025-04-02,2026-08-15,23935.64
13710,DL02AB7154,HDFC Ergo,POL-0013710,2025-03-13,2026-06-19,20387.35
13726,DL02AB7172,HDFC Ergo,POL-0013726,2024-12-20,2026-02-25,5331.45
13764,DL02AB7224,HDFC Ergo,POL-0013764,2025-08-31,2026-04-16,21437.8
13860,DL02AB7342,HDFC Ergo,POL-0013860,2026-03-13,2026-08-08,24508.4
13878,DL02AB7361,ICICI Lombard,POL-0013878,2025-11-07,2027-06-07,11112.49
13977,DL02AB7477,ICICI Lombard,POL-0013977,2025-10-10,2026-05-22,24010.13
14080,DL02AB7601,ICICI Lombard,POL-0014080,2024-12-16,2026-07-23,21994.98
14219,DL02AB7781,Bajaj Allianz,POL-0014219,2025-12-12,2027-06-10,6207.15
14224,DL02AB7786,ICICI Lombard,POL-0014224,2026-01-16,2026-09-24,7188.58
14307,DL02AB7892,Bajaj Allianz,POL-0014307,2026-03-18,2026-05-30,6080.34
14333,DL02AB7927,ICICI Lombard,POL-0014333,2024-12-02,2026-07-19,12315.27
14497,DL02AB8131,Bajaj Allianz,POL-0014497,2025-09-09,2027-02-23,24231.1
14501,DL02AB8136,Bajaj Allianz,POL-0014501,2025-08-29,2026-03-20,15297.68
14637,DL02AB8301,ICICI Lombard,POL-0014637,2024-10-20,2026-01-03,22903.8
14651,DL02AB8320,Bajaj Allianz,POL-0014651,2025-03-12,2025-12-16,4907.81
14697,DL02AB8373,ICICI Lombard,POL-0014697,2025-09-23,2026-07-05,7844.33
14917,DL02AB8643,HDFC Ergo,POL-0014917,2025-09-13,2025-11-17,24677.57
14981,DL02AB8726,ICICI Lombard,POL-0014981,2024-12-01,2026-07-27,9974.43
15261,DL02AB9080,HDFC Ergo,POL-0015261,2026-02-23,2027-08-11,20347.49
15456,DL02AB9313,TATA AIG,POL-0015456,2025-03-17,2025-12-23,19161.27
15479,DL02AB9342,Bajaj Allianz,POL-0015479,2025-02-07,2026-04-21,24589.97
15534,DL02AB9410,ICICI Lombard,POL-0015534,2024-12-21,2025-10-16,19808.3
15593,DL02AB9476,ICICI Lombard,POL-0015593,2024-09-22,2024-12-29,9247.93
15832,DL02AB9769,TATA AIG,POL-0015832,2025-12-19,2027-04-01,22988.23
15923,DL02AB9887,ICICI Lombard,POL-0015923,2026-04-24,2027-11-02,8100.4
15960,DL02AB9936,HDFC Ergo,POL-0015960,2026-03-10,2027-06-19,20068.26
15992,DL02AB9973,HDFC Ergo,POL-0015992,2025-05-03,2026-04-25,23937.91
16037,DL03AC0028,ICICI Lombard,POL-0016037,2025-03-21,2025-06-08,7303.91
16041,DL03AC0032,ICICI Lombard,POL-0016041,2025-04-10,2026-02-16,22051.64
16155,DL03AC0181,HDFC Ergo,POL-0016155,2026-02-01,2027-10-08,16441.55
16200,DL03AC0232,HDFC Ergo,POL-0016200,2026-01-22,2026-06-26,14705.12
16222,DL03AC0257,HDFC Ergo,POL-0016222,2025-03-30,2026-09-10,14900.33
16250,DL03AC0289,TATA AIG,POL-0016250,2026-02-08,2027-02-26,8214.48
16320,DL03AC0374,ICICI Lombard,POL-0016320,2024-10-01,2026-08-28,11896.64
16438,DL03AC0517,HDFC Ergo,POL-0016438,2025-06-06,2025-12-28,10150.11
16485,DL03AC0585,HDFC Ergo,POL-0016485,2026-03-21,2028-01-20,17977.19
16524,DL03AC0635,Bajaj Allianz,POL-0016524,2024-09-14,2025-08-21,6012.67
16578,DL03AC0706,TATA AIG,POL-0016578,2025-03-24,2026-03-09,13046.07
16696,DL03AC0861,TATA AIG,POL-0016696,2025-03-22,2025-12-05,24817.75
16701,DL03AC0866,HDFC Ergo,POL-0016701,2025-06-15,2026-05-22,12976.41
16745,DL03AC0926,HDFC Ergo,POL-0016745,2026-04-23,2026-05-02,10789.04
16778,DL03AC0969,Bajaj Allianz,POL-0016778,2024-12-12,2026-10-06,9377.8
16862,DL03AC1079,HDFC Ergo,POL-0016862,2026-03-07,2026-08-27,22164.09
16934,DL03AC1174,TATA AIG,POL-0016934,2025-12-23,2027-05-15,22025.2
16938,DL03AC1178,Bajaj Allianz,POL-0016938,2026-02-03,2027-07-08,5874.64
17037,DL03AC1299,HDFC Ergo,POL-0017037,2026-03-09,2028-01-29,7629.89
17054,DL03AC1319,HDFC Ergo,POL-0017054,2025-05-31,2026-08-05,21092.93
17128,DL03AC1417,HDFC Ergo,POL-0017128,2025-07-19,2026-01-30,5225.63
17258,DL03AC1579,TATA AIG,POL-0017258,2025-10-11,2026-03-14,17851.93
17291,DL03AC1632,TATA AIG,POL-0017291,2026-03-06,2027-06-25,15745.06
17297,DL03AC1643,TATA AIG,POL-0017297,2026-04-02,2027-07-17,19054.61
17384,DL03AC1747,HDFC Ergo,POL-0017384,2026-02-02,2026-09-08,18424.7
17426,DL03AC1798,ICICI Lombard,POL-0017426,2024-09-15,2026-05-22,20143.1
17582,DL03AC1992,ICICI Lombard,POL-0017582,2026-02-28,2026-03-21,12523.4
17817,DL03AC2280,HDFC Ergo,POL-0017817,2025-10-23,2026-08-30,5111.88
17938,DL03AC2431,TATA AIG,POL-0017938,2025-01-23,2026-08-27,11662.38
18216,DL03AC2782,Bajaj Allianz,POL-0018216,2026-03-25,2026-08-15,5478.57
18239,DL03AC2810,ICICI Lombard,POL-0018239,2025-07-16,2026-06-01,6241.61
18348,DL03AC2946,Bajaj Allianz,POL-0018348,2024-10-02,2025-07-20,8298.19
18361,DL03AC2962,ICICI Lombard,POL-0018361,2025-04-30,2025-12-11,11905.68
18407,DL03AC3021,Bajaj Allianz,POL-0018407,2024-10-26,2025-03-23,12804.98
18454,DL03AC3086,HDFC Ergo,POL-0018454,2025-11-10,2026-04-12,11827.02
18716,DL03AC3416,ICICI Lombard,POL-0018716,2025-05-12,2026-04-12,6221.21
18798,DL03AC3509,TATA AIG,POL-0018798,2025-04-24,2026-11-11,15173.62
18804,DL03AC3519,TATA AIG,POL-0018804,2025-01-05,2026-11-18,22004.53
18870,DL03AC3600,HDFC Ergo,POL-0018870,2025-12-24,2026-05-27,24700.65
19026,DL03AC3788,HDFC Ergo,POL-0019026,2024-12-22,2025-10-06,9590.74
19060,DL03AC3834,HDFC Ergo,POL-0019060,2025-03-11,2026-03-11,11854.77
19226,DL03AC4050,HDFC Ergo,POL-0019226,2025-06-11,2025-11-23,16569.91
19399,DL03AC4267,TATA AIG,POL-0019399,2025-11-11,2026-12-01,12632.88
19654,DL03AC4586,TATA AIG,POL-0019654,2026-06-18,2028-05-04,13148.74
19769,DL03AC4727,ICICI Lombard,POL-0019769,2026-06-20,2027-05-24,6709.32
19901,DL03AC4890,HDFC Ergo,POL-0019901,2025-07-22,2027-06-03,6107.2
19924,DL03AC4914,Bajaj Allianz,POL-0019924,2026-04-26,2028-02-15,8397.46
19930,DL03AC4920,ICICI Lombard,POL-0019930,2024-10-01,2026-04-13,24687.15
19939,DL03AC4931,TATA AIG,POL-0019939,2025-04-03,2026-02-17,6580.8
19961,DL03AC4957,Bajaj Allianz,POL-0019961,2026-01-10,2026-05-10,19788.77
19981,DL03AC4983,HDFC Ergo,POL-0019981,2025-09-01,2026-03-17,9123.71
20028,DL03AC5042,HDFC Ergo,POL-0020028,2025-08-02,2026-12-30,5050.67
20083,DL03AC5112,TATA AIG,POL-0020083,2024-12-11,2025-04-28,8889.92
20108,DL03AC5144,TATA AIG,POL-0020108,2025-06-26,2025-08-10,22756.44
20243,DL03AC5313,ICICI Lombard,POL-0020243,2025-11-05,2027-09-06,23526.48
20392,DL03AC5485,ICICI Lombard,POL-0020392,2025-07-29,2026-04-07,18511.28
20756,DL03AC5928,Bajaj Allianz,POL-0020756,2026-04-02,2027-01-03,6771.81
20809,DL03AC5995,HDFC Ergo,POL-0020809,2024-10-27,2025-05-17,16864.64
20874,DL03AC6071,TATA AIG,POL-0020874,2024-11-03,2025-07-23,10719.87
20895,DL03AC6100,Bajaj Allianz,POL-0020895,2025-05-17,2026-08-21,14229.19
20946,DL03AC6158,Bajaj Allianz,POL-0020946,2026-04-20,2026-06-25,7027.19
21075,DL03AC6318,ICICI Lombard,POL-0021075,2025-12-20,2026-04-13,23387.18
21360,DL03AC6680,Bajaj Allianz,POL-0021360,2026-05-31,2027-03-22,11983.77
21364,DL03AC6685,HDFC Ergo,POL-0021364,2026-07-03,2027-02-10,14918.77
21424,DL03AC6772,Bajaj Allianz,POL-0021424,2026-02-26,2026-06-30,24943.94
21692,DL03AC7110,HDFC Ergo,POL-0021692,2025-07-27,2025-09-19,21498.02
21978,DL03AC7460,TATA AIG,POL-0021978,2025-10-09,2027-08-10,6030.95
22035,DL03AC7535,TATA AIG,POL-0022035,2025-03-03,2025-12-10,10419.38
22047,DL03AC7549,HDFC Ergo,POL-0022047,2024-09-13,2025-04-01,10349.16
22134,DL03AC7659,ICICI Lombard,POL-0022134,2025-10-31,2027-03-19,23268.68
22203,DL03AC7742,Bajaj Allianz,POL-0022203,2026-06-13,2027-05-19,18732.53
22218,DL03AC7760,Bajaj Allianz,POL-0022218,2025-08-04,2026-03-10,23831.29
22252,DL03AC7802,HDFC Ergo,POL-0022252,2024-12-03,2026-03-15,15989.14
22308,DL03AC7869,HDFC Ergo,POL-0022308,2026-05-03,2026-08-21,8140.9
22361,DL03AC7938,TATA AIG,POL-0022361,2026-04-12,2027-03-19,20028.47
22420,DL03AC8010,HDFC Ergo,POL-0022420,2026-07-05,2026-09-08,14904.56
22425,DL03AC8016,Bajaj Allianz,POL-0022425,2025-04-26,2025-09-01,23505.7
22446,DL03AC8043,Bajaj Allianz,POL-0022446,2025-03-29,2026-05-16,17079.02
22583,DL03AC8221,HDFC Ergo,POL-0022583,2025-06-21,2026-02-06,12241.09
22686,DL03AC8361,HDFC Ergo,POL-0022686,2026-05-09,2027-12-09,8700.7
22826,DL03AC8534,ICICI Lombard,POL-0022826,2025-09-03,2026-08-02,16760.67
22850,DL03AC8569,Bajaj Allianz,POL-0022850,2026-02-24,2026-08-12,10716.76
22919,DL03AC8657,HDFC Ergo,POL-0022919,2025-02-17,2025-08-10,23233.82
22942,DL03AC8683,Bajaj Allianz,POL-0022942,2025-09-01,2027-07-01,14776.72
22958,DL03AC8705,ICICI Lombard,POL-0022958,2026-02-19,2027-02-25,18608.63
22992,DL03AC8746,TATA AIG,POL-0022992,2026-06-18,2027-09-06,15849.79
23003,DL03AC8760,Bajaj Allianz,POL-0023003,2025-10-07,2027-02-20,11677.71
23094,DL03AC8864,ICICI Lombard,POL-0023094,2025-05-22,2025-08-16,19429.25
23128,DL03AC8906,Bajaj Allianz,POL-0023128,2025-10-25,2025-11-08,24055.5
23223,DL03AC9015,TATA AIG,POL-0023223,2025-07-08,2026-10-01,6731.69
23333,DL03AC9154,Bajaj Allianz,POL-0023333,2025-10-14,2026-08-11,4895.05
23387,DL03AC9219,TATA AIG,POL-0023387,2025-12-26,2026-01-29,17803.05
23420,DL03AC9256,HDFC Ergo,POL-0023420,2025-12-30,2026-04-19,9664.52
23529,DL03AC9389,Bajaj Allianz,POL-0023529,2026-07-05,2027-12-05,15700.77
23577,DL03AC9444,ICICI Lombard,POL-0023577,2025-12-27,2026-01-13,21290.34
23583,DL03AC9451,Bajaj Allianz,POL-0023583,2024-09-18,2025-03-20,19113.56
23594,DL03AC9466,Bajaj Allianz,POL-0023594,2025-01-11,2025-12-22,20396.83
23678,DL03AC9571,HDFC Ergo,POL-0023678,2025-09-14,2027-05-29,18741.02
23686,DL03AC9581,Bajaj Allianz,POL-0023686,2025-12-15,2026-08-09,20914.92
23875,DL03AC9817,Bajaj Allianz,POL-0023875,2025-10-28,2027-07-10,13119.41
23887,DL03AC9831,Bajaj Allianz,POL-0023887,2024-09-19,2026-04-17,15261.4
23917,DL03AC9871,TATA AIG,POL-0023917,2026-04-18,2026-11-05,5017.45
24027,DL04AD0005,Bajaj Allianz,POL-0024027,2026-05-23,2027-06-06,15854.23
24029,DL04AD0007,TATA AIG,POL-0024029,2026-01-08,2026-07-10,5074.11
24145,DL04AD0161,TATA AIG,POL-0024145,2025-07-29,2026-10-09,13206.85
24146,DL04AD0162,Bajaj Allianz,POL-0024146,2026-01-17,2027-04-24,22373.97
24186,DL04AD0217,HDFC Ergo,POL-0024186,2025-04-26,2026-05-18,4214.88
24264,DL04AD0311,Bajaj Allianz,POL-0024264,2025-11-18,2026-04-03,16953.7
24286,DL04AD0340,HDFC Ergo,POL-0024286,2025-05-24,2025-06-05,11886.98
24365,DL04AD0433,Bajaj Allianz,POL-0024365,2025-03-22,2025-10-04,22102.06
24411,DL04AD0495,Bajaj Allianz,POL-0024411,2026-04-17,2027-12-07,12569.0
24424,DL04AD0512,TATA AIG,POL-0024424,2025-11-29,2026-08-04,17131.31
24488,DL04AD0595,TATA AIG,POL-0024488,2026-02-04,2027-12-12,11844.46
24500,DL04AD0613,TATA AIG,POL-0024500,2026-01-11,2027-07-12,15121.17
24529,DL04AD0647,TATA AIG,POL-0024529,2025-11-06,2026-08-19,10039.45
24601,DL04AD0735,TATA AIG,POL-0024601,2025-11-17,2026-09-01,14632.45
24630,DL04AD0771,HDFC Ergo,POL-0024630,2025-10-20,2027-06-06,4216.89
24633,DL04AD0775,HDFC Ergo,POL-0024633,2026-04-10,2027-10-07,13706.91
24642,DL04AD0784,ICICI Lombard,POL-0024642,2025-03-07,2026-10-28,15614.27
24677,DL04AD0828,ICICI Lombard,POL-0024677,2025-08-30,2026-12-17,12005.2
24807,DL04AD0982,Bajaj Allianz,POL-0024807,2025-09-10,2025-12-04,5932.11
24852,DL04AD1029,HDFC Ergo,POL-0024852,2024-10-17,2026-08-17,9100.23
24898,DL04AD1091,Bajaj Allianz,POL-0024898,2025-11-29,2026-01-28,8850.25
25038,DL04AD1266,ICICI Lombard,POL-0025038,2025-03-18,2026-03-28,19538.52
25055,DL04AD1285,ICICI Lombard,POL-0025055,2024-11-11,2025-07-01,23117.66
25068,DL04AD1300,ICICI Lombard,POL-0025068,2024-12-28,2026-09-23,23196.03
25116,DL04AD1358,Bajaj Allianz,POL-0025116,2025-07-24,2027-02-24,24327.78
25183,DL04AD1439,ICICI Lombard,POL-0025183,2025-08-15,2026-03-18,18337.77
25233,DL04AD1499,TATA AIG,POL-0025233,2024-12-01,2026-10-22,19700.12
25290,DL04AD1566,TATA AIG,POL-0025290,2026-07-03,2027-12-16,16028.2
25341,DL04AD1635,HDFC Ergo,POL-0025341,2025-08-27,2026-05-06,8462.51
25498,DL04AD1830,ICICI Lombard,POL-0025498,2024-12-07,2026-06-02,17980.4
25516,DL04AD1850,HDFC Ergo,POL-0025516,2025-08-10,2025-08-23,9248.53
25550,DL04AD1890,HDFC Ergo,POL-0025550,2025-03-30,2027-01-18,5434.04
25593,DL04AD1946,ICICI Lombard,POL-0025593,2024-09-20,2026-03-23,14747.42
25605,DL04AD1963,HDFC Ergo,POL-0025605,2025-09-14,2026-11-10,17441.1
25618,DL04AD1979,ICICI Lombard,POL-0025618,2025-09-03,2027-01-13,13330.74
25638,DL04AD2007,TATA AIG,POL-0025638,2024-11-19,2025-11-22,7930.75
25696,DL04AD2087,TATA AIG,POL-0025696,2024-10-20,2024-12-23,13236.43
25768,DL04AD2177,Bajaj Allianz,POL-0025768,2024-09-11,2025-04-25,23527.76
25843,DL04AD2271,Bajaj Allianz,POL-0025843,2025-11-25,2027-01-30,8719.28
25888,DL04AD2325,TATA AIG,POL-0025888,2025-11-14,2027-02-24,15285.82
25956,DL04AD2406,Bajaj Allianz,POL-0025956,2025-09-16,2026-06-14,17092.29
25961,DL04AD2411,HDFC Ergo,POL-0025961,2025-05-15,2026-07-25,24801.29
26024,DL04AD2493,Bajaj Allianz,POL-0026024,2026-07-01,2028-02-09,21598.26
26051,DL04AD2527,TATA AIG,POL-0026051,2025-12-12,2027-11-03,21802.98
26054,DL04AD2530,TATA AIG,POL-0026054,2025-10-12,2026-04-22,17065.71
26102,DL04AD2591,HDFC Ergo,POL-0026102,2024-11-03,2026-01-10,23811.2
26154,DL04AD2662,ICICI Lombard,POL-0026154,2025-05-06,2026-04-22,8485.11
26192,DL04AD2706,HDFC Ergo,POL-0026192,2024-12-21,2026-05-30,19838.86
26217,DL04AD2742,Bajaj Allianz,POL-0026217,2026-02-01,2027-03-05,17525.71
26245,DL04AD2780,HDFC Ergo,POL-0026245,2024-09-25,2025-11-30,12534.39
26273,DL04AD2816,Bajaj Allianz,POL-0026273,2025-05-25,2026-06-18,17795.05
26300,DL04AD2850,Bajaj Allianz,POL-0026300,2026-06-10,2027-09-29,5588.01
26352,DL04AD2914,Bajaj Allianz,POL-0026352,2026-06-13,2027-08-30,9400.55
26387,DL04AD2953,TATA AIG,POL-0026387,2024-11-07,2025-10-18,6120.37
26484,DL04AD3065,TATA AIG,POL-0026484,2025-02-23,2025-12-14,16185.55
26498,DL04AD3082,ICICI Lombard,POL-0026498,2026-03-08,2027-04-08,4612.87
26666,DL04AD3289,Bajaj Allianz,POL-0026666,2025-12-18,2026-06-29,6325.58
26809,DL04AD3466,TATA AIG,POL-0026809,2025-06-17,2026-10-21,17325.36
26903,DL04AD3586,HDFC Ergo,POL-0026903,2025-09-01,2026-06-04,15817.63
26985,DL04AD3681,HDFC Ergo,POL-0026985,2025-04-27,2026-04-02,13841.38
27134,DL04AD3862,TATA AIG,POL-0027134,2025-07-16,2027-03-30,14203.18
27220,DL04AD3972,TATA AIG,POL-0027220,2025-05-31,2026-06-16,19248.74
27327,DL04AD4099,TATA AIG,POL-0027327,2026-07-02,2026-08-11,6905.83
27392,DL04AD4179,Bajaj Allianz,POL-0027392,2025-02-08,2025-12-29,15390.34
27442,DL04AD4237,ICICI Lombard,POL-0027442,2025-06-09,2025-12-08,15912.8
27518,DL04AD4335,TATA AIG,POL-0027518,2025-10-18,2027-06-08,12176.24
27540,DL04AD4362,TATA AIG,POL-0027540,2025-03-21,2026-02-16,24611.7
27597,DL04AD4438,ICICI Lombard,POL-0027597,2025-09-19,2026-05-14,21416.69
27666,DL04AD4522,HDFC Ergo,POL-0027666,2025-08-04,2026-12-17,7385.32
27778,DL04AD4663,ICICI Lombard,POL-0027778,2025-11-18,2026-09-07,22425.44
27779,DL04AD4664,ICICI Lombard,POL-0027779,2026-02-02,2026-06-10,15615.66
27785,DL 04 AD 4675,HDFC Ergo,POL-0027785,2026-03-26,2026-04-24,13338.15
27793,DL04AD4687,Bajaj Allianz,POL-0027793,2024-09-14,2026-03-07,22696.51
27820,DL04AD4718,ICICI Lombard,POL-0027820,2025-05-19,2026-08-03,14904.84
27836,DL04AD4737,ICICI Lombard,POL-0027836,2025-04-19,2026-07-11,21912.26
27840,DL04AD4741,Bajaj Allianz,POL-0027840,2025-11-18,2026-07-13,13834.49
27885,DL04AD4795,HDFC Ergo,POL-0027885,2025-05-22,2026-03-07,20152.61
27901,DL04AD4814,HDFC Ergo,POL-0027901,2024-09-13,2025-08-19,8740.95
27903,DL04AD4816,TATA AIG,POL-0027903,2025-05-22,2026-07-16,14957.81
28034,DL04AD4970,HDFC Ergo,POL-0028034,2025-09-04,2026-08-21,23930.87
28037,DL04AD4973,TATA AIG,POL-0028037,2025-07-22,2027-05-21,19374.3
28060,DL04AD5003,HDFC Ergo,POL-0028060,2026-05-23,2026-12-17,5780.6
28071,DL04AD5018,TATA AIG,POL-0028071,2025-06-05,2026-12-16,7713.26
28126,DL04AD5093,TATA AIG,POL-0028126,2024-12-28,2026-02-18,22889.13
28202,DL04AD5179,TATA AIG,POL-0028202,2025-02-02,2026-07-29,18832.64
28319,DL04AD5325,ICICI Lombard,POL-0028319,2026-01-08,2027-03-08,9068.71
28363,DL04AD5382,ICICI Lombard,POL-0028363,2024-11-18,2025-09-13,17209.41
28375,DL04AD5400,HDFC Ergo,POL-0028375,2026-05-25,2026-09-07,18990.0
28538,DL04AD5614,TATA AIG,POL-0028538,2025-03-21,2025-10-26,10134.07
28597,DL04AD5683,ICICI Lombard,POL-0028597,2025-03-20,2026-07-02,20719.2
28608,DL04AD5697,HDFC Ergo,POL-0028608,2025-04-10,2026-05-28,20756.67
28672,DL04AD5774,HDFC Ergo,POL-0028672,2024-12-05,2025-09-28,15180.5
28836,DL04AD5976,TATA AIG,POL-0028836,2026-02-12,2026-07-19,20219.72
28848,DL04AD5992,TATA AIG,POL-0028848,2025-01-02,2026-03-27,9947.33
28890,DL04AD6048,ICICI Lombard,POL-0028890,2025-06-17,2025-08-30,23904.28
29012,DL04AD6208,TATA AIG,POL-0029012,2025-01-17,2025-12-02,10194.03
29015,DL04AD6211,TATA AIG,POL-0029015,2026-01-08,2026-08-20,8024.08
29039,DL04AD6241,TATA AIG,POL-0029039,2026-01-25,2027-09-19,22984.73
29121,DL04AD6347,TATA AIG,POL-0029121,2024-12-22,2025-09-12,24590.9
29182,DL04AD6421,HDFC Ergo,POL-0029182,2025-05-28,2026-07-19,22788.57
29191,DL04AD6434,TATA AIG,POL-0029191,2025-04-15,2025-05-18,9820.8
29211,DL 04 AD 6458,TATA AIG,POL-0029211,2025-05-10,2026-03-20,19030.15
29216,DL04AD6463,TATA AIG,POL-0029216,2025-12-06,2027-05-07,12927.68
29221,DL04AD6471,TATA AIG,POL-0029221,2026-03-02,2027-03-08,10908.99
29244,DL04AD6500,TATA AIG,POL-0029244,2026-04-09,2027-08-20,19764.68
29251,DL04AD6509,HDFC Ergo,POL-0029251,2024-12-03,2026-06-22,6118.99
29294,DL04AD6559,HDFC Ergo,POL-0029294,2025-07-30,2026-05-05,13231.74
29314,DL04AD6585,TATA AIG,POL-0029314,2024-12-09,2026-01-04,14767.07
29590,DL04AD6930,HDFC Ergo,POL-0029590,2025-05-05,2026-02-03,24902.48
29698,DL04AD7056,Bajaj Allianz,POL-0029698,2025-11-14,2027-01-07,14887.14
29712,DL04AD7072,ICICI Lombard,POL-0029712,2026-03-10,2026-05-05,20337.76
29731,DL04AD7093,HDFC Ergo,POL-0029731,2025-04-15,2026-12-09,17607.55
29878,DL04AD7268,ICICI Lombard,POL-0029878,2025-02-22,2025-11-18,5571.39
29948,DL04AD7353,Bajaj Allianz,POL-0029948,2025-09-25,2026-09-09,5909.89
29979,DL04AD7388,ICICI Lombard,POL-0029979,2024-09-29,2026-02-23,22733.06
30072,DL04AD7512,HDFC Ergo,POL-0030072,2026-03-20,2026-11-30,24072.06
30152,DL04AD7606,ICICI Lombard,POL-0030152,2025-10-18,2027-07-06,9476.71
30204,DL04AD7667,Bajaj Allianz,POL-0030204,2026-06-10,2027-11-13,7868.04
30230,DL04AD7700,ICICI Lombard,POL-0030230,2025-07-22,2026-08-23,23456.03
30273,DL04AD7752,TATA AIG,POL-0030273,2024-11-17,2025-04-03,8030.85
30294,DL04AD7777,ICICI Lombard,POL-0030294,2026-06-28,2026-07-23,5334.22
30330,DL04AD7828,Bajaj Allianz,POL-0030330,2025-11-27,2026-05-03,24011.66
30413,DL04AD7930,TATA AIG,POL-0030413,2026-04-23,2026-06-18,16023.27
30610,DL04AD8175,ICICI Lombard,POL-0030610,2024-12-02,2025-03-16,5843.69
30672,DL04AD8254,HDFC Ergo,POL-0030672,2026-01-02,2027-09-12,9305.99
30702,DL04AD8290,HDFC Ergo,POL-0030702,2026-02-03,2027-02-21,4437.88
30816,DL04AD8427,ICICI Lombard,POL-0030816,2025-12-08,2026-11-15,12805.87
30834,DL04AD8452,HDFC Ergo,POL-0030834,2024-09-24,2025-12-09,20419.84
30850,DL04AD8469,Bajaj Allianz,POL-0030850,2025-11-16,2027-07-04,12521.57
31020,DL04AD8680,Bajaj Allianz,POL-0031020,2026-06-05,2026-07-19,19172.35
31023,DL04AD8684,TATA AIG,POL-0031023,2026-04-26,2026-05-17,14297.35
31079,DL04AD8752,ICICI Lombard,POL-0031079,2026-05-06,2027-10-09,20999.52
31105,DL04AD8780,HDFC Ergo,POL-0031105,2024-09-22,2026-02-16,15701.22
31140,DL04AD8829,TATA AIG,POL-0031140,2024-10-28,2026-03-12,6142.92
31184,DL04AD8890,Bajaj Allianz,POL-0031184,2025-06-07,2026-05-27,23523.74
31251,DL04AD8974,TATA AIG,POL-0031251,2025-06-10,2026-11-10,5720.19
31365,DL04AD9117,ICICI Lombard,POL-0031365,2024-12-13,2025-12-13,23053.7
31379,DL04AD9132,HDFC Ergo,POL-0031379,2026-03-18,2026-12-31,14195.94
31438,DL04AD9210,ICICI Lombard,POL-0031438,2024-10-04,2026-05-07,9478.24
31459,DL04AD9240,ICICI Lombard,POL-0031459,2025-04-28,2025-12-24,21640.74
31468,DL04AD9251,TATA AIG,POL-0031468,2026-06-27,2028-04-09,9980.99
31527,DL04AD9321,TATA AIG,POL-0031527,2025-02-21,2026-06-09,20989.58
31563,DL04AD9363,TATA AIG,POL-0031563,2025-07-23,2026-03-14,22528.53
31634,DL04AD9446,Bajaj Allianz,POL-0031634,2026-06-28,2027-03-02,11407.4
31696,DL04AD9529,TATA AIG,POL-0031696,2025-01-29,2025-04-10,7479.57
31748,DL04AD9599,TATA AIG,POL-0031748,2024-11-18,2026-03-30,8238.89
31755,DL04AD9608,Bajaj Allianz,POL-0031755,2025-05-14,2026-04-13,17382.47
31764,DL04AD9618,HDFC Ergo,POL-0031764,2025-01-15,2025-08-15,9397.45
31793,DL04AD9651,Bajaj Allianz,POL-0031793,2025-08-24,2026-11-03,20777.77
31925,DL04AD9824,HDFC Ergo,POL-0031925,2025-02-14,2025-12-08,9677.71
31929,DL04AD9829,Bajaj Allianz,POL-0031929,2025-10-30,2027-05-10,16695.14
31951,DL04AD9857,ICICI Lombard,POL-0031951,2026-02-23,2027-03-27,11584.16
32065,DL05AE0001,HDFC Ergo,POL-0032065,2024-12-17,2026-04-07,16601.91
32085,DL05AE0026,Bajaj Allianz,POL-0032085,2025-11-09,2027-04-21,11530.67
32174,DL05AE0135,ICICI Lombard,POL-0032174,2025-10-18,2027-02-27,11435.48
32219,DL05AE0189,Bajaj Allianz,POL-0032219,2026-01-24,2027-12-23,19516.7
32318,DL05AE0306,Bajaj Allianz,POL-0032318,2025-06-24,2025-11-06,23846.28
32328,DL05AE0319,HDFC Ergo,POL-0032328,2025-05-12,2026-09-15,11184.63
32400,DL05AE0404,HDFC Ergo,POL-0032400,2026-05-22,2027-10-17,13473.41
32477,DL05AE0492,HDFC Ergo,POL-0032477,2025-10-19,2027-01-29,4705.47
32514,DL05AE0538,HDFC Ergo,POL-0032514,2024-10-15,2025-09-03,18549.06
32640,DL05AE0687,HDFC Ergo,POL-0032640,2024-09-13,2026-05-24,7537.59
32670,DL05AE0730,HDFC Ergo,POL-0032670,2025-08-20,2026-07-07,11820.53
32704,DL05AE0768,Bajaj Allianz,POL-0032704,2025-05-16,2026-07-17,21825.82
32802,DL05AE0888,ICICI Lombard,POL-0032802,2025-05-29,2027-02-03,6680.7
32976,DL05AE1104,Bajaj Allianz,POL-0032976,2025-10-17,2025-10-22,20681.84
32983,DL05AE1114,HDFC Ergo,POL-0032983,2025-07-17,2026-06-21,5517.65
33036,DL05AE1180,ICICI Lombard,POL-0033036,2024-12-05,2026-07-21,4907.13
33072,DL05AE1224,ICICI Lombard,POL-0033072,2026-05-19,2027-12-26,17739.19
33091,DL05AE1245,ICICI Lombard,POL-0033091,2025-01-12,2026-05-09,21422.31
33169,DL05AE1347,HDFC Ergo,POL-0033169,2024-10-29,2025-10-03,9412.47
33179,DL05AE1359,HDFC Ergo,POL-0033179,2026-05-03,2027-02-20,18022.13
33246,DL05AE1441,TATA AIG,POL-0033246,2024-12-11,2026-01-15,20680.47
33266,DL05AE1467,ICICI Lombard,POL-0033266,2025-04-01,2027-01-09,10560.06
33298,DL05AE1505,ICICI Lombard,POL-0033298,2026-01-31,2027-12-05,18346.36
33448,DL05AE1704,ICICI Lombard,POL-0033448,2026-01-13,2027-07-13,20548.34
33596,DL05AE1904,Bajaj Allianz,POL-0033596,2025-06-01,2026-12-22,10658.09
33735,DL05AE2081,TATA AIG,POL-0033735,2025-05-19,2026-11-30,15805.68
33813,DL05AE2176,Bajaj Allianz,POL-0033813,2025-11-14,2026-08-02,8269.35
33864,DL05AE2237,Bajaj Allianz,POL-0033864,2025-07-09,2025-10-15,8487.91
33872,DL05AE2247,HDFC Ergo,POL-0033872,2024-09-18,2026-04-04,4548.94
33971,DL05AE2372,Bajaj Allianz,POL-0033971,2025-05-06,2025-06-22,14912.35
34062,DL05AE2487,ICICI Lombard,POL-0034062,2025-06-15,2025-06-22,4141.87
34152,DL05AE2600,HDFC Ergo,POL-0034152,2026-06-08,2028-01-07,4534.35
34272,DL05AE2753,ICICI Lombard,POL-0034272,2025-03-18,2026-11-10,13541.04
34342,DL05AE2840,HDFC Ergo,POL-0034342,2025-01-07,2025-08-09,6302.89
34393,DL05AE2906,TATA AIG,POL-0034393,2024-11-27,2025-12-11,17793.71
34485,DL05AE3025,TATA AIG,POL-0034485,2025-10-13,2025-11-08,11020.23
34516,DL05AE3065,ICICI Lombard,POL-0034516,2025-11-12,2027-06-28,23822.83
34645,DL05AE3228,HDFC Ergo,POL-0034645,2025-04-13,2026-03-19,19376.94
34687,DL05AE3279,Bajaj Allianz,POL-0034687,2026-01-07,2026-01-14,22823.55
34714,DL05AE3309,TATA AIG,POL-0034714,2025-06-06,2027-04-06,21609.29
34752,DL05AE3357,HDFC Ergo,POL-0034752,2025-05-08,2025-10-29,8228.8
34763,DL05AE3369,HDFC Ergo,POL-0034763,2025-06-01,2026-06-23,14555.14
34791,DL05AE3404,HDFC Ergo,POL-0034791,2025-06-22,2026-02-25,19849.21
34879,DL05AE3515,TATA AIG,POL-0034879,2024-12-13,2026-03-01,8712.3
34896,DL05AE3540,TATA AIG,POL-0034896,2025-03-08,2026-04-20,15377.6
34924,DL05AE3573,Bajaj Allianz,POL-0034924,2025-10-01,2026-07-06,16057.88
35023,DL05AE3687,TATA AIG,POL-0035023,2026-01-27,2027-02-10,24632.34
35044,DL05AE3719,ICICI Lombard,POL-0035044,2025-09-06,2027-01-14,22102.48
35221,DL05AE3933,TATA AIG,POL-0035221,2025-04-22,2026-08-06,18154.32
35294,DL05AE4020,ICICI Lombard,POL-0035294,2025-06-25,2026-09-30,15810.93
35324,DL05AE4057,HDFC Ergo,POL-0035324,2026-01-14,2027-08-19,5593.98
35470,DL05AE4236,ICICI Lombard,POL-0035470,2026-01-06,2026-09-11,8819.55
35530,DL05AE4313,TATA AIG,POL-0035530,2025-07-23,2026-09-19,15839.1
35578,DL05AE4375,HDFC Ergo,POL-0035578,2025-05-17,2025-12-07,17433.06
35596,DL05AE4396,HDFC Ergo,POL-0035596,2024-11-22,2025-11-02,21239.33
35724,DL05AE4548,ICICI Lombard,POL-0035724,2025-04-05,2026-02-02,7357.78
35755,DL05AE4587,ICICI Lombard,POL-0035755,2025-09-17,2027-08-06,24340.26
35763,DL05AE4597,Bajaj Allianz,POL-0035763,2026-07-08,2026-07-09,10095.74
35865,DL05AE4725,HDFC Ergo,POL-0035865,2025-06-17,2026-02-14,23961.65
36033,DL05AE4942,HDFC Ergo,POL-0036033,2024-09-24,2026-01-01,9047.68
36125,DL05AE5056,TATA AIG,POL-0036125,2025-02-08,2026-05-19,9068.54
36145,DL05AE5082,ICICI Lombard,POL-0036145,2026-01-08,2026-11-06,12881.38
36309,DL05AE5293,ICICI Lombard,POL-0036309,2025-11-01,2027-01-04,24102.58
36323,DL05AE5309,HDFC Ergo,POL-0036323,2025-01-05,2025-02-24,23180.16
36475,DL05AE5508,TATA AIG,POL-0036475,2024-10-29,2025-10-23,10379.93
36561,DL05AE5607,HDFC Ergo,POL-0036561,2025-08-13,2026-06-27,16182.3
36675,DL05AE5745,Bajaj Allianz,POL-0036675,2025-09-16,2026-06-29,21225.04
36902,DL05AE6025,Bajaj Allianz,POL-0036902,2024-09-13,2026-04-26,17259.36
36951,DL05AE6105,TATA AIG,POL-0036951,2026-01-11,2027-05-18,10238.83
36958,DL05AE6112,TATA AIG,POL-0036958,2025-09-04,2027-02-22,21227.35
37015,DL05AE6179,TATA AIG,POL-0037015,2026-04-04,2027-06-13,20774.3
37216,DL05AE6438,HDFC Ergo,POL-0037216,2026-02-27,2027-10-10,11437.01
37272,DL05AE6507,ICICI Lombard,POL-0037272,2025-01-08,2025-07-27,8812.76
37319,DL05AE6566,ICICI Lombard,POL-0037319,2024-12-15,2026-03-24,20497.67
37652,DL05AE6984,TATA AIG,POL-0037652,2025-11-05,2026-05-02,4905.88
37707,DL05AE7052,TATA AIG,POL-0037707,2026-06-05,2027-03-04,23065.88
37909,DL05AE7301,TATA AIG,POL-0037909,2026-03-13,2026-08-11,15545.56
37991,DL05AE7400,Bajaj Allianz,POL-0037991,2026-02-04,2027-05-10,21333.68
38008,DL05AE7419,HDFC Ergo,POL-0038008,2025-02-22,2026-10-18,9571.99
38031,DL05AE7447,TATA AIG,POL-0038031,2026-05-07,2026-07-10,6598.12
38049,DL05AE7472,TATA AIG,POL-0038049,2026-04-25,2026-06-14,7201.05
38135,DL05AE7576,HDFC Ergo,POL-0038135,2026-06-15,2026-07-10,24696.99
38269,DL05AE7739,TATA AIG,POL-0038269,2025-10-04,2025-11-15,12316.75
38315,DL05AE7795,HDFC Ergo,POL-0038315,2025-01-04,2026-01-06,20386.06
38333,DL05AE7819,TATA AIG,POL-0038333,2025-03-11,2026-05-24,16974.48
38337,DL05AE7823,ICICI Lombard,POL-0038337,2024-11-12,2026-06-19,22490.33
38435,DL05AE7942,TATA AIG,POL-0038435,2025-01-20,2026-06-05,22604.49
38731,DL05AE8311,HDFC Ergo,POL-0038731,2025-05-19,2027-01-05,18704.45
38759,DL05AE8351,ICICI Lombard,POL-0038759,2026-01-19,2027-10-16,24411.19
38772,DL05AE8368,HDFC Ergo,POL-0038772,2026-02-28,2027-02-01,21482.91
38826,DL05AE8434,ICICI Lombard,POL-0038826,2024-10-30,2026-03-16,11022.79
39028,DL05AE8689,TATA AIG,POL-0039028,2024-09-30,2025-09-23,12215.03
39228,DL05AE8944,HDFC Ergo,POL-0039228,2025-08-05,2027-03-12,8850.3
39423,DL05AE9192,HDFC Ergo,POL-0039423,2025-11-16,2026-06-09,6406.42
39753,DL05AE9615,ICICI Lombard,POL-0039753,2026-01-05,2027-04-05,19980.44
39799,DL05AE9672,HDFC Ergo,POL-0039799,2025-10-07,2026-01-13,17026.63
39801,DL05AE9674,HDFC Ergo,POL-0039801,2024-10-28,2026-06-23,18141.6
39813,DL05AE9692,ICICI Lombard,POL-0039813,2025-02-06,2026-07-07,14609.16
39848,DL05AE9735,TATA AIG,POL-0039848,2024-11-22,2026-07-12,24090.89
39912,DL05AE9808,ICICI Lombard,POL-0039912,2025-11-20,2026-12-07,11863.33
39925,DL05AE9823,TATA AIG,POL-0039925,2025-02-09,2025-12-29,16374.53
39953,DL05AE9856,Bajaj Allianz,POL-0039953,2025-01-03,2025-08-21,8000.01
39954,DL05AE9857,HDFC Ergo,POL-0039954,2024-11-08,2025-09-01,15894.14
40022,DL05AE9941,HDFC Ergo,POL-0040022,2025-09-21,2026-02-08,5420.17
40046,DL05AE9968,TATA AIG,POL-0040046,2025-01-12,2025-11-09,21653.48
40063,DL05AE9986,HDFC Ergo,POL-0040063,2026-05-10,2026-07-07,10998.53
40088,DL06AF0019,HDFC Ergo,POL-0040088,2026-04-11,2028-03-05,8773.91
40188,DL06AF0140,TATA AIG,POL-0040188,2025-04-04,2026-04-16,21364.32
40231,DL06AF0196,ICICI Lombard,POL-0040231,2024-11-12,2026-05-30,16564.5
40239,DL06AF0205,HDFC Ergo,POL-0040239,2025-07-27,2026-11-06,16142.08
40298,DL06AF0277,TATA AIG,POL-0040298,2024-09-24,2026-07-22,15484.23
40339,DL06AF0328,TATA AIG,POL-0040339,2025-05-09,2026-04-15,24207.28
40413,DL06AF0422,ICICI Lombard,POL-0040413,2026-04-23,2027-02-02,17722.55
40463,DL06AF0488,HDFC Ergo,POL-0040463,2026-05-04,2028-03-25,11738.38
40557,DL06AF0604,HDFC Ergo,POL-0040557,2024-11-24,2026-04-03,11295.72
40819,DL06AF0940,ICICI Lombard,POL-0040819,2025-02-22,2026-04-14,21386.53
40839,DL06AF0968,ICICI Lombard,POL-0040839,2024-10-07,2026-04-16,16775.29
40905,DL06AF1049,Bajaj Allianz,POL-0040905,2026-05-01,2027-08-04,24896.15
40960,DL06AF1116,ICICI Lombard,POL-0040960,2025-07-30,2026-08-19,23566.89
41005,DL06AF1173,TATA AIG,POL-0041005,2026-01-08,2026-07-12,10222.28
41381,DL06AF1645,ICICI Lombard,POL-0041381,2024-11-04,2025-05-31,8467.85
41552,DL06AF1856,HDFC Ergo,POL-0041552,2024-12-18,2025-02-27,23476.59
41750,DL06AF2089,Bajaj Allianz,POL-0041750,2024-10-05,2025-08-17,17737.33
41758,DL06AF2098,Bajaj Allianz,POL-0041758,2026-07-11,2028-01-26,19198.99
41916,DL06AF2296,Bajaj Allianz,POL-0041916,2026-07-05,2027-11-27,22894.03
41961,DL06AF2350,Bajaj Allianz,POL-0041961,2026-05-28,2026-06-23,15419.84
41984,DL06AF2383,ICICI Lombard,POL-0041984,2025-08-25,2027-02-11,14708.15
42066,DL06AF2488,HDFC Ergo,POL-0042066,2026-06-18,2026-07-21,7726.08
42095,DL06AF2521,ICICI Lombard,POL-0042095,2026-03-07,2026-11-28,22282.52
42128,DL06AF2565,TATA AIG,POL-0042128,2025-06-13,2026-05-11,19982.68
42278,DL06AF2743,HDFC Ergo,POL-0042278,2026-01-31,2027-06-12,14173.43
42289,DL06AF2757,ICICI Lombard,POL-0042289,2025-11-16,2026-11-05,8107.49
42303,DL06AF2772,ICICI Lombard,POL-0042303,2025-08-06,2026-10-22,5693.26
42425,DL06AF2923,Bajaj Allianz,POL-0042425,2026-05-28,2027-06-30,4040.33
42465,DL06AF2976,ICICI Lombard,POL-0042465,2025-11-19,2027-02-03,22167.09
42480,DL06AF2994,TATA AIG,POL-0042480,2025-08-26,2026-12-05,13765.7
42489,DL06AF3005,Bajaj Allianz,POL-0042489,2025-08-05,2027-04-15,19429.84
42666,DL06AF3225,TATA AIG,POL-0042666,2025-05-22,2025-05-24,21655.63
42698,DL06AF3264,TATA AIG,POL-0042698,2025-02-01,2026-10-22,10819.52
42704,DL06AF3271,ICICI Lombard,POL-0042704,2025-02-22,2025-09-11,23000.66
42769,DL06AF3354,TATA AIG,POL-0042769,2025-07-29,2026-06-02,15297.35
42823,DL06AF3424,ICICI Lombard,POL-0042823,2025-06-29,2026-04-24,5741.54
42890,DL06AF3516,TATA AIG,POL-0042890,2025-07-07,2025-10-25,4038.27
42895,DL06AF3523,HDFC Ergo,POL-0042895,2025-07-27,2026-05-10,5016.68
42898,DL06AF3528,Bajaj Allianz,POL-0042898,2024-10-13,2025-04-19,14779.57
42911,DL06AF3545,ICICI Lombard,POL-0042911,2025-08-30,2026-04-05,21751.94
43068,DL06AF3736,Bajaj Allianz,POL-0043068,2025-09-05,2026-04-10,14094.66
43153,DL06AF3841,HDFC Ergo,POL-0043153,2026-03-26,2026-03-31,18802.85
43190,DL06AF3883,ICICI Lombard,POL-0043190,2025-02-26,2027-01-26,21443.53
43288,DL06AF4008,ICICI Lombard,POL-0043288,2025-12-03,2026-07-31,21390.3
43312,DL06AF4040,TATA AIG,POL-0043312,2026-04-17,2027-08-20,15561.09
43412,DL06AF4165,Bajaj Allianz,POL-0043412,2026-04-29,2027-05-09,12043.12
43579,DL06AF4377,ICICI Lombard,POL-0043579,2024-10-24,2025-06-04,15992.08
43586,DL06AF4387,HDFC Ergo,POL-0043586,2025-01-31,2026-07-15,24638.24
43645,DL06AF4459,ICICI Lombard,POL-0043645,2025-08-11,2026-09-10,24971.58
43646,DL06AF4460,HDFC Ergo,POL-0043646,2024-11-03,2025-10-30,19739.78
43677,DL06AF4496,TATA AIG,POL-0043677,2026-06-06,2026-07-25,19057.96
43722,DL06AF4548,Bajaj Allianz,POL-0043722,2026-01-31,2027-06-02,12358.21
44021,DL06AF4921,TATA AIG,POL-0044021,2025-07-08,2027-04-30,14802.2
44039,DL06AF4948,HDFC Ergo,POL-0044039,2024-10-06,2025-09-11,23615.96
44069,DL06AF4987,HDFC Ergo,POL-0044069,2026-03-09,2026-11-25,7591.11
44130,DL06AF5057,HDFC Ergo,POL-0044130,2024-11-22,2026-07-17,21731.87
44139,DL06AF5069,ICICI Lombard,POL-0044139,2025-11-28,2026-08-14,23719.21
44172,DL06AF5108,TATA AIG,POL-0044172,2026-06-10,2027-06-26,8210.35
44318,DL06AF5296,HDFC Ergo,POL-0044318,2025-10-01,2026-05-28,18530.64
44323,DL06AF5302,HDFC Ergo,POL-0044323,2024-12-30,2026-05-31,18665.66
44348,DL06AF5333,HDFC Ergo,POL-0044348,2025-07-24,2027-02-21,18317.27
44390,DL06AF5392,Bajaj Allianz,POL-0044390,2025-11-29,2026-07-15,21225.68
44443,DL06AF5461,HDFC Ergo,POL-0044443,2026-01-17,2027-10-01,22366.8
44486,DL06AF5518,ICICI Lombard,POL-0044486,2025-07-13,2026-08-09,24163.75
44487,DL06AF5519,Bajaj Allianz,POL-0044487,2026-01-24,2027-01-30,20746.05
44564,DL06AF5615,TATA AIG,POL-0044564,2026-03-28,2027-11-13,12949.28
44648,DL06AF5723,Bajaj Allianz,POL-0044648,2025-09-24,2026-08-08,17684.23
44649,DL06AF5724,ICICI Lombard,POL-0044649,2025-06-02,2025-06-19,12003.64
44685,DL06AF5771,ICICI Lombard,POL-0044685,2025-10-17,2027-01-27,4883.95
44817,DL06AF5933,HDFC Ergo,POL-0044817,2026-03-18,2027-01-20,5707.71
44912,DL06AF6057,ICICI Lombard,POL-0044912,2026-01-15,2026-10-05,19720.22
44989,DL06AF6148,Bajaj Allianz,POL-0044989,2025-12-22,2027-06-25,20088.14
44995,DL 06 AF 6155,TATA AIG,POL-0044995,2026-03-17,2027-11-01,4308.05
45015,DL06AF6179,Bajaj Allianz,POL-0045015,2025-07-13,2026-09-06,6915.57
45136,DL06AF6333,TATA AIG,POL-0045136,2026-01-05,2027-05-16,20016.8
45149,DL06AF6346,TATA AIG,POL-0045149,2024-09-23,2025-10-20,17895.43
45267,DL06AF6498,TATA AIG,POL-0045267,2024-09-16,2026-07-13,16292.51
45295,DL06AF6531,Bajaj Allianz,POL-0045295,2025-11-18,2027-05-04,19405.36
45367,DL06AF6626,ICICI Lombard,POL-0045367,2024-09-30,2026-07-11,19154.94
45518,DL06AF6822,Bajaj Allianz,POL-0045518,2026-04-04,2026-05-14,6434.89
45568,DL06AF6881,TATA AIG,POL-0045568,2025-07-01,2026-01-05,7547.54
45632,DL06AF6959,HDFC Ergo,POL-0045632,2025-04-10,2025-08-04,16628.0
45656,DL06AF6985,HDFC Ergo,POL-0045656,2025-12-02,2027-06-08,7819.57
45738,DL06AF7080,HDFC Ergo,POL-0045738,2025-07-04,2027-03-06,19946.62
45765,DL06AF7125,ICICI Lombard,POL-0045765,2024-10-13,2026-08-06,6229.03
45770,DL06AF7132,ICICI Lombard,POL-0045770,2024-11-26,2025-09-19,15788.2
45790,DL06AF7154,HDFC Ergo,POL-0045790,2024-11-25,2026-03-29,24869.25
45962,DL06AF7377,ICICI Lombard,POL-0045962,2025-07-04,2026-08-24,20298.36
46000,DL06AF7422,HDFC Ergo,POL-0046000,2024-10-13,2025-11-08,8957.4
46002,DL06AF7424,HDFC Ergo,POL-0046002,2025-01-06,2026-09-08,7373.11
46011,DL06AF7433,HDFC Ergo,POL-0046011,2025-12-28,2026-04-21,24796.65
46120,DL06AF7560,TATA AIG,POL-0046120,2025-10-18,2027-05-25,16605.93
46196,DL06AF7654,ICICI Lombard,POL-0046196,2025-04-02,2026-03-15,24067.83
46245,DL06AF7711,TATA AIG,POL-0046245,2025-02-25,2026-09-14,4255.19
46263,DL06AF7733,Bajaj Allianz,POL-0046263,2026-05-07,2027-03-30,14205.08
46301,DL06AF7779,TATA AIG,POL-0046301,2026-04-07,2028-02-26,7465.82
46396,DL06AF7898,ICICI Lombard,POL-0046396,2025-05-21,2026-06-10,11768.59
46405,DL06AF7912,TATA AIG,POL-0046405,2026-07-05,2028-03-15,23745.98
46430,DL06AF7939,ICICI Lombard,POL-0046430,2025-06-04,2026-08-01,10415.85
46480,DL06AF8008,TATA AIG,POL-0046480,2024-12-05,2025-08-22,7228.85
46495,DL06AF8028,HDFC Ergo,POL-0046495,2024-10-30,2025-11-08,20559.22
46537,DL06AF8082,TATA AIG,POL-0046537,2025-03-22,2026-04-25,4410.13
46595,DL06AF8153,Bajaj Allianz,POL-0046595,2024-12-21,2025-07-20,11080.48
46906,DL06AF8529,ICICI Lombard,POL-0046906,2025-10-19,2027-01-26,14810.24
47075,DL06AF8743,Bajaj Allianz,POL-0047075,2025-04-30,2025-07-07,8983.81
47118,DL06AF8800,ICICI Lombard,POL-0047118,2024-12-25,2026-09-04,19713.87
47177,DL06AF8878,HDFC Ergo,POL-0047177,2026-01-25,2027-11-08,9975.81
47266,DL06AF8991,ICICI Lombard,POL-0047266,2024-12-29,2025-08-30,14396.03
47310,DL06AF9048,ICICI Lombard,POL-0047310,2024-10-16,2026-03-16,12252.13
47311,DL06AF9049,TATA AIG,POL-0047311,2025-01-06,2025-12-24,24780.35
47339,DL06AF9087,HDFC Ergo,POL-0047339,2026-03-20,2026-08-19,9282.1
47412,DL06AF9177,ICICI Lombard,POL-0047412,2025-11-17,2027-03-23,14536.57
47608,DL06AF9429,TATA AIG,POL-0047608,2025-11-16,2026-05-05,7647.14
47673,DL06AF9510,HDFC Ergo,POL-0047673,2026-03-19,2026-06-07,17214.7
47750,DL06AF9598,TATA AIG,POL-0047750,2026-02-13,2027-08-28,21220.17
47761,DL06AF9609,TATA AIG,POL-0047761,2024-10-07,2026-08-19,23855.12
47764,DL06AF9614,HDFC Ergo,POL-0047764,2024-11-29,2026-07-04,19849.03
47783,DL06AF9638,ICICI Lombard,POL-0047783,2025-08-01,2026-09-15,18618.6
47818,DL06AF9682,Bajaj Allianz,POL-0047818,2025-09-24,2027-08-12,9800.03
47827,DL06AF9692,Bajaj Allianz,POL-0047827,2025-10-16,2026-09-03,23338.46
47940,DL06AF9829,HDFC Ergo,POL-0047940,2026-02-10,2026-11-21,10867.49
47974,DL06AF9878,HDFC Ergo,POL-0047974,2025-07-30,2026-08-16,8083.34
47981,DL06AF9890,ICICI Lombard,POL-0047981,2024-09-16,2026-06-27,13056.18
48009,DL06AF9929,ICICI Lombard,POL-0048009,2025-06-04,2026-07-25,4557.44
48121,DL07AG0068,ICICI Lombard,POL-0048121,2026-01-01,2027-06-22,5808.8
48238,DL07AG0217,Bajaj Allianz,POL-0048238,2024-12-01,2026-05-22,5493.81
48255,DL07AG0236,TATA AIG,POL-0048255,2025-10-18,2027-07-13,22545.1
48272,DL07AG0258,TATA AIG,POL-0048272,2026-04-28,2027-01-24,14753.39
48330,DL07AG0332,HDFC Ergo,POL-0048330,2025-09-28,2027-02-09,23308.08
48421,DL07AG0443,TATA AIG,POL-0048421,2024-09-15,2026-03-20,21026.84
48451,DL07AG0482,TATA AIG,POL-0048451,2025-10-17,2025-11-10,9912.66
48475,DL07AG0515,ICICI Lombard,POL-0048475,2025-10-25,2026-06-11,6503.74
48533,DL07AG0589,Bajaj Allianz,POL-0048533,2025-04-29,2026-08-03,17325.71
48743,DL07AG0852,TATA AIG,POL-0048743,2026-03-24,2027-01-05,21354.17
48773,DL07AG0889,ICICI Lombard,POL-0048773,2026-04-06,2026-04-19,15229.18
48784,DL07AG0901,TATA AIG,POL-0048784,2025-11-13,2027-05-15,14897.64
48821,DL07AG0952,HDFC Ergo,POL-0048821,2026-07-09,2027-01-27,23197.01
48847,DL07AG0981,TATA AIG,POL-0048847,2025-12-31,2027-05-30,19037.22
49031,DL07AG1213,ICICI Lombard,POL-0049031,2024-10-02,2026-04-20,20592.52
49068,DL07AG1261,TATA AIG,POL-0049068,2025-12-16,2027-07-07,18436.73
49143,DL07AG1348,TATA AIG,POL-0049143,2026-01-10,2027-04-17,17798.05
49283,DL07AG1524,TATA AIG,POL-0049283,2026-06-16,2027-12-05,21831.24
49294,DL07AG1537,ICICI Lombard,POL-0049294,2026-01-20,2027-06-11,14855.71
49338,DL07AG1592,TATA AIG,POL-0049338,2025-10-18,2026-12-15,21594.77
49349,DL07AG1605,ICICI Lombard,POL-0049349,2025-07-31,2026-03-30,5653.42
49419,DL07AG1694,ICICI Lombard,POL-0049419,2024-11-24,2025-12-20,18158.16
49499,DL07AG1797,HDFC Ergo,POL-0049499,2025-08-31,2027-05-26,23414.39
49575,DL07AG1894,Bajaj Allianz,POL-0049575,2025-02-09,2026-01-26,19952.33
49623,DL07AG1953,Bajaj Allianz,POL-0049623,2024-11-26,2025-07-30,7333.51
49687,DL07AG2031,Bajaj Allianz,POL-0049687,2025-05-01,2026-11-16,7229.3
49722,DL07AG2070,TATA AIG,POL-0049722,2026-06-07,2026-08-07,13983.3
49836,DL07AG2216,Bajaj Allianz,POL-0049836,2025-11-14,2026-04-18,12397.24
49885,DL07AG2277,Bajaj Allianz,POL-0049885,2025-04-06,2026-02-26,5713.86
50054,DL07AG2493,Bajaj Allianz,POL-0050054,2026-04-26,2027-07-16,21149.78
50151,DL07AG2616,Bajaj Allianz,POL-0050151,2025-11-26,2026-09-08,21016.74
50591,DL07AG3156,ICICI Lombard,POL-0050591,2025-01-23,2026-06-21,18466.72
50662,DL07AG3242,Bajaj Allianz,POL-0050662,2025-06-14,2025-12-29,5179.05
50738,DL07AG3335,ICICI Lombard,POL-0050738,2024-10-16,2026-08-31,19389.93
50770,DL07AG3372,ICICI Lombard,POL-0050770,2026-03-10,2027-02-25,23905.64
50848,DL07AG3464,Bajaj Allianz,POL-0050848,2026-05-14,2026-08-26,4340.51
50867,DL07AG3483,TATA AIG,POL-0050867,2026-02-21,2026-07-03,24207.94
50908,DL07AG3532,HDFC Ergo,POL-0050908,2026-05-21,2026-06-19,7815.41
50977,DL07AG3624,ICICI Lombard,POL-0050977,2024-12-12,2026-04-04,5072.2
50998,DL07AG3653,HDFC Ergo,POL-0050998,2026-03-08,2027-04-10,24966.69
50999,DL07AG3654,ICICI Lombard,POL-0050999,2026-04-19,2027-01-03,9622.17
51034,DL07AG3699,ICICI Lombard,POL-0051034,2024-12-14,2026-02-02,24888.62
51194,DL07AG3904,HDFC Ergo,POL-0051194,2025-02-16,2026-03-24,24012.34
51233,DL07AG3956,HDFC Ergo,POL-0051233,2025-11-05,2026-03-25,19629.39
51296,DL07AG4032,ICICI Lombard,POL-0051296,2025-06-19,2026-09-03,14742.62
51301,DL07AG4038,TATA AIG,POL-0051301,2025-10-25,2026-10-04,23673.95
51304,DL07AG4042,Bajaj Allianz,POL-0051304,2025-03-10,2025-10-26,23875.1
51405,DL07AG4178,HDFC Ergo,POL-0051405,2024-10-22,2026-09-17,14397.31
51460,DL 07 AG 4251,TATA AIG,POL-0051460,2024-12-27,2025-07-04,15257.91
51532,DL07AG4332,ICICI Lombard,POL-0051532,2025-07-14,2027-04-27,5141.27
51538,DL07AG4340,Bajaj Allianz,POL-0051538,2026-01-21,2026-02-11,10270.96
51620,DL07AG4451,HDFC Ergo,POL-0051620,2024-10-12,2026-03-16,16415.1
51622,DL07AG4454,Bajaj Allianz,POL-0051622,2024-10-02,2026-05-11,12707.02
51717,DL07AG4569,HDFC Ergo,POL-0051717,2026-01-10,2027-05-12,8660.33
51803,DL07AG4686,TATA AIG,POL-0051803,2026-05-11,2027-05-11,6604.96
51834,DL07AG4722,HDFC Ergo,POL-0051834,2024-12-26,2026-06-27,15925.12
51888,DL07AG4789,HDFC Ergo,POL-0051888,2024-11-20,2026-02-21,23895.61
51897,DL07AG4799,TATA AIG,POL-0051897,2025-07-26,2026-12-29,15587.49
51991,DL07AG4923,TATA AIG,POL-0051991,2025-12-06,2026-10-18,20110.03
52131,DL07AG5107,TATA AIG,POL-0052131,2025-01-27,2025-11-21,22720.39
52239,DL07AG5230,HDFC Ergo,POL-0052239,2025-08-29,2027-04-28,23446.46
52333,DL07AG5338,ICICI Lombard,POL-0052333,2025-04-13,2026-05-30,4359.05
52531,DL07AG5597,Bajaj Allianz,POL-0052531,2025-06-06,2026-10-25,11820.64
52544,DL07AG5612,HDFC Ergo,POL-0052544,2025-01-06,2026-08-26,23732.22
52676,DL07AG5771,ICICI Lombard,POL-0052676,2024-11-08,2025-11-29,4671.5
52730,DL07AG5836,TATA AIG,POL-0052730,2026-02-14,2027-10-29,5782.43
52792,DL07AG5909,ICICI Lombard,POL-0052792,2026-06-02,2026-06-26,18971.73
53009,DL07AG6162,ICICI Lombard,POL-0053009,2025-09-17,2026-05-25,22122.8
53071,DL07AG6237,TATA AIG,POL-0053071,2024-10-20,2026-06-25,22861.99
53075,DL07AG6244,TATA AIG,POL-0053075,2026-04-12,2028-03-09,5179.88
53128,DL07AG6307,TATA AIG,POL-0053128,2025-12-19,2027-01-01,16997.99
53259,DL07AG6469,Bajaj Allianz,POL-0053259,2025-09-03,2026-12-08,18052.53
53314,DL07AG6540,ICICI Lombard,POL-0053314,2024-12-15,2026-07-16,19497.97
53316,DL07AG6542,ICICI Lombard,POL-0053316,2026-05-09,2027-04-06,20197.94
53321,DL07AG6550,Bajaj Allianz,POL-0053321,2025-08-20,2026-06-16,8218.35
53332,DL07AG6562,TATA AIG,POL-0053332,2025-03-26,2026-02-08,9247.19
53378,DL07AG6616,Bajaj Allianz,POL-0053378,2025-05-26,2026-09-14,10672.36
53443,DL07AG6698,TATA AIG,POL-0053443,2025-08-03,2027-05-12,21487.55
53511,DL07AG6784,ICICI Lombard,POL-0053511,2025-10-26,2026-07-11,23615.16
53681,DL07AG7000,Bajaj Allianz,POL-0053681,2025-02-14,2026-01-21,23511.49
53707,DL07AG7033,Bajaj Allianz,POL-0053707,2025-11-10,2027-08-14,7590.06
53990,DL07AG7391,HDFC Ergo,POL-0053990,2025-02-05,2026-11-10,9189.03
54332,DL07AG7839,HDFC Ergo,POL-0054332,2026-04-18,2026-05-04,23386.17
54419,DL07AG7952,HDFC Ergo,POL-0054419,2025-09-13,2025-12-31,17272.52
54569,DL07AG8146,HDFC Ergo,POL-0054569,2025-04-12,2026-02-25,6149.65
54714,DL07AG8327,Bajaj Allianz,POL-0054714,2025-03-22,2025-10-24,11477.04
54762,DL07AG8386,ICICI Lombard,POL-0054762,2025-12-11,2026-06-03,24256.37
54866,DL07AG8522,ICICI Lombard,POL-0054866,2025-09-17,2026-05-17,5000.31
55058,DL07AG8765,HDFC Ergo,POL-0055058,2026-01-27,2026-08-16,7617.11
55191,DL07AG8937,Bajaj Allianz,POL-0055191,2026-01-02,2026-08-20,22878.16
55365,DL07AG9163,Bajaj Allianz,POL-0055365,2024-09-25,2026-05-11,21587.18
55499,DL 07 AG 9329,HDFC Ergo,POL-0055499,2025-05-06,2027-03-29,7141.68
55516,DL07AG9352,TATA AIG,POL-0055516,2024-10-04,2026-01-02,11872.5
55649,DL07AG9514,HDFC Ergo,POL-0055649,2025-08-06,2025-09-29,5612.27
55692,DL07AG9579,Bajaj Allianz,POL-0055692,2025-09-08,2026-01-12,11388.6
55698,DL07AG9588,ICICI Lombard,POL-0055698,2025-11-13,2025-11-18,22603.24
55722,DL07AG9615,TATA AIG,POL-0055722,2026-04-05,2028-02-10,20610.48
55723,DL07AG9616,Bajaj Allianz,POL-0055723,2025-12-14,2026-04-29,7634.44
55726,DL07AG9621,TATA AIG,POL-0055726,2025-08-03,2025-11-02,9583.42
55886,DL07AG9822,ICICI Lombard,POL-0055886,2024-12-28,2026-02-12,6690.61
55891,DL07AG9827,ICICI Lombard,POL-0055891,2026-03-30,2026-10-24,7971.75
55977,DL07AG9942,ICICI Lombard,POL-0055977,2026-05-25,2027-03-21,4913.66
56028,DL08AH0010,TATA AIG,POL-0056028,2025-01-23,2025-08-26,23338.61
56207,DL08AH0236,ICICI Lombard,POL-0056207,2024-10-30,2026-08-07,20449.9
56244,DL08AH0282,TATA AIG,POL-0056244,2024-12-08,2025-12-30,7344.42
56246,DL08AH0284,HDFC Ergo,POL-0056246,2025-04-19,2026-04-21,14353.19
56251,DL08AH0292,TATA AIG,POL-0056251,2024-12-05,2025-11-09,13361.6
56286,DL08AH0329,ICICI Lombard,POL-0056286,2025-01-22,2025-04-09,23506.49
56328,DL08AH0381,Bajaj Allianz,POL-0056328,2025-05-12,2026-09-27,19886.44
56393,DL08AH0457,HDFC Ergo,POL-0056393,2025-09-21,2027-04-30,8288.81
56458,DL08AH0539,HDFC Ergo,POL-0056458,2025-01-29,2025-12-21,8449.29
56463,DL08AH0545,ICICI Lombard,POL-0056463,2024-11-10,2026-01-26,17700.55
56485,DL08AH0575,HDFC Ergo,POL-0056485,2025-07-31,2026-04-28,20623.7
56495,DL08AH0592,HDFC Ergo,POL-0056495,2025-06-07,2026-03-07,17029.61
56539,DL08AH0644,TATA AIG,POL-0056539,2025-08-18,2026-06-25,22839.72
56565,DL08AH0678,ICICI Lombard,POL-0056565,2025-02-26,2026-03-04,20414.06
56571,DL08AH0686,TATA AIG,POL-0056571,2026-06-24,2026-07-10,17174.74
56582,DL08AH0697,Bajaj Allianz,POL-0056582,2026-05-26,2026-09-02,4452.23
56584,DL08AH0701,Bajaj Allianz,POL-0056584,2025-05-29,2026-11-17,12371.35
56585,DL08AH0702,ICICI Lombard,POL-0056585,2025-09-10,2027-05-26,15583.23
56657,DL08AH0804,Bajaj Allianz,POL-0056657,2025-03-04,2026-07-12,7612.61
56701,DL08AH0855,TATA AIG,POL-0056701,2025-05-06,2025-11-25,7879.69
56739,DL08AH0912,ICICI Lombard,POL-0056739,2025-02-26,2025-06-04,5018.96
56862,DL08AH1066,ICICI Lombard,POL-0056862,2024-10-07,2026-01-22,16713.23
56898,DL08AH1118,Bajaj Allianz,POL-0056898,2025-10-23,2026-06-09,13035.73
56901,DL08AH1121,TATA AIG,POL-0056901,2025-06-21,2026-08-26,4357.61
56965,DL08AH1200,TATA AIG,POL-0056965,2025-01-08,2025-05-11,18281.95
56986,DL08AH1228,HDFC Ergo,POL-0056986,2025-10-26,2027-08-16,22019.41
57102,DL08AH1376,ICICI Lombard,POL-0057102,2026-05-03,2027-11-05,15585.36
57143,DL08AH1426,TATA AIG,POL-0057143,2025-03-01,2025-12-13,4666.97
57188,DL08AH1482,TATA AIG,POL-0057188,2026-04-19,2027-09-25,11718.24
57213,DL08AH1511,HDFC Ergo,POL-0057213,2025-12-11,2027-05-29,9311.57
57276,DL08AH1582,ICICI Lombard,POL-0057276,2025-10-04,2027-03-04,21712.65
57321,DL08AH1643,TATA AIG,POL-0057321,2024-10-08,2026-03-04,11517.01
57454,DL08AH1819,TATA AIG,POL-0057454,2024-12-04,2025-07-01,18701.33
57591,DL08AH1987,ICICI Lombard,POL-0057591,2024-10-22,2026-01-03,24297.71
57658,DL08AH2063,HDFC Ergo,POL-0057658,2026-07-05,2027-08-16,15925.0
57684,DL08AH2102,TATA AIG,POL-0057684,2024-11-20,2026-09-18,8313.08
57711,DL08AH2140,HDFC Ergo,POL-0057711,2025-04-26,2026-11-24,8281.76
57759,DL08AH2199,TATA AIG,POL-0057759,2025-05-23,2026-09-27,16004.02
57802,DL08AH2255,Bajaj Allianz,POL-0057802,2025-09-11,2026-07-29,5208.47
57841,DL08AH2309,Bajaj Allianz,POL-0057841,2025-10-14,2026-08-16,13201.93
57865,DL08AH2340,Bajaj Allianz,POL-0057865,2025-06-23,2026-03-07,23785.59
57872,DL08AH2350,Bajaj Allianz,POL-0057872,2025-08-12,2026-04-17,13817.83
57879,DL08AH2357,Bajaj Allianz,POL-0057879,2025-07-16,2026-03-05,17643.4
57930,DL08AH2420,HDFC Ergo,POL-0057930,2025-09-03,2027-05-04,21978.94
58003,DL08AH2512,TATA AIG,POL-0058003,2025-07-04,2027-01-29,8677.82
58018,DL08AH2529,ICICI Lombard,POL-0058018,2025-11-03,2026-08-20,21236.87
58078,DL08AH2603,HDFC Ergo,POL-0058078,2026-02-12,2028-01-06,23475.19
58131,DL08AH2667,ICICI Lombard,POL-0058131,2025-09-02,2026-06-11,8345.59
58155,DL08AH2692,HDFC Ergo,POL-0058155,2026-06-22,2027-01-11,19829.08
58203,DL08AH2768,HDFC Ergo,POL-0058203,2025-10-30,2027-09-26,15988.87
58268,DL08AH2845,HDFC Ergo,POL-0058268,2025-06-26,2025-11-28,23169.56
58271,DL08AH2848,ICICI Lombard,POL-0058271,2025-07-22,2026-06-24,10084.15
58399,DL08AH3000,HDFC Ergo,POL-0058399,2024-09-17,2024-11-02,23536.59
58433,DL08AH3048,ICICI Lombard,POL-0058433,2025-01-21,2025-08-30,13628.66
58510,DL08AH3147,HDFC Ergo,POL-0058510,2025-12-28,2027-06-11,16530.13
58599,DL08AH3259,HDFC Ergo,POL-0058599,2025-01-24,2026-07-18,10103.33
58807,DL08AH3519,ICICI Lombard,POL-0058807,2025-07-10,2027-01-29,16889.82
58858,DL 08 AH 3579,ICICI Lombard,POL-0058858,2025-04-28,2026-07-25,6553.44
58863,DL08AH3584,HDFC Ergo,POL-0058863,2025-06-20,2026-02-23,5902.96
59018,DL08AH3772,TATA AIG,POL-0059018,2026-04-08,2027-05-08,19724.81
59184,DL08AH3975,TATA AIG,POL-0059184,2026-04-20,2027-06-02,4465.53
59269,DL08AH4085,Bajaj Allianz,POL-0059269,2025-12-27,2026-12-16,5044.66
59345,DL08AH4177,HDFC Ergo,POL-0059345,2025-07-16,2026-07-24,22005.89
59481,DL08AH4341,TATA AIG,POL-0059481,2025-07-19,2027-02-09,7030.81
59634,DL08AH4531,TATA AIG,POL-0059634,2025-06-23,2026-05-25,4016.53
59687,DL08AH4593,Bajaj Allianz,POL-0059687,2025-06-09,2025-10-26,4119.66
59700,DL08AH4607,Bajaj Allianz,POL-0059700,2024-10-11,2026-01-02,5541.22
59769,DL08AH4691,HDFC Ergo,POL-0059769,2025-11-02,2026-06-06,5626.47
59897,DL08AH4847,Bajaj Allianz,POL-0059897,2026-04-25,2026-08-31,11918.11
59972,DL08AH4946,HDFC Ergo,POL-0059972,2026-05-26,2027-05-27,8597.16
60210,DL08AH5243,TATA AIG,POL-0060210,2025-11-02,2026-06-03,17825.4
60371,DL08AH5454,ICICI Lombard,POL-0060371,2025-08-13,2027-01-22,18994.66
60373,DL08AH5456,TATA AIG,POL-0060373,2025-11-01,2026-01-06,23577.96
60386,DL08AH5470,ICICI Lombard,POL-0060386,2026-03-10,2026-04-14,16761.72
60426,DL08AH5525,HDFC Ergo,POL-0060426,2025-02-07,2026-04-04,7650.47
60430,DL08AH5529,ICICI Lombard,POL-0060430,2025-08-15,2027-03-29,8493.68
60470,DL08AH5574,TATA AIG,POL-0060470,2024-09-30,2026-08-02,15267.18
60517,DL08AH5631,Bajaj Allianz,POL-0060517,2025-06-20,2026-10-31,15178.62
60552,DL08AH5674,TATA AIG,POL-0060552,2025-07-05,2026-03-01,7729.32
60715,DL08AH5880,ICICI Lombard,POL-0060715,2024-09-13,2026-04-04,4186.64
60744,DL08AH5914,TATA AIG,POL-0060744,2025-12-14,2026-12-16,6347.87
60787,DL08AH5965,ICICI Lombard,POL-0060787,2025-07-10,2027-02-23,14732.7
60820,DL08AH6011,ICICI Lombard,POL-0060820,2025-04-04,2025-09-10,21788.12
60828,DL08AH6019,HDFC Ergo,POL-0060828,2026-04-29,2026-06-29,4756.05
60993,DL08AH6225,TATA AIG,POL-0060993,2024-11-26,2026-01-30,14107.05
61100,DL08AH6350,HDFC Ergo,POL-0061100,2026-06-29,2027-12-16,12532.47
61171,DL08AH6435,Bajaj Allianz,POL-0061171,2026-04-30,2026-07-22,23480.96
61224,DL08AH6503,TATA AIG,POL-0061224,2025-09-17,2025-09-25,7083.05
61265,DL08AH6556,HDFC Ergo,POL-0061265,2026-03-26,2027-01-01,23578.88
61275,DL08AH6569,Bajaj Allianz,POL-0061275,2025-10-02,2027-04-06,18893.66
61317,DL08AH6619,TATA AIG,POL-0061317,2024-09-22,2024-09-24,20594.92
61320,DL08AH6622,ICICI Lombard,POL-0061320,2026-02-07,2027-05-15,18076.07
61389,DL08AH6720,Bajaj Allianz,POL-0061389,2026-03-31,2027-09-14,12128.05
61581,DL08AH6955,HDFC Ergo,POL-0061581,2025-06-11,2026-08-20,5857.41
61601,DL08AH6983,HDFC Ergo,POL-0061601,2025-05-27,2025-12-23,13814.04
61624,DL08AH7014,Bajaj Allianz,POL-0061624,2025-10-08,2027-06-25,23638.47
61705,DL08AH7110,Bajaj Allianz,POL-0061705,2026-07-11,2027-04-08,23547.85
61731,DL08AH7139,TATA AIG,POL-0061731,2025-08-23,2027-07-19,12870.79
61843,DL08AH7278,HDFC Ergo,POL-0061843,2024-10-21,2026-08-17,19574.04
61866,DL08AH7304,HDFC Ergo,POL-0061866,2026-02-11,2026-12-19,19951.69
61943,DL08AH7397,Bajaj Allianz,POL-0061943,2025-09-12,2027-01-19,10341.81
62085,DL08AH7580,Bajaj Allianz,POL-0062085,2024-10-03,2025-10-07,19071.22
62109,DL08AH7607,Bajaj Allianz,POL-0062109,2026-05-28,2028-02-05,23674.37
62142,DL08AH7656,ICICI Lombard,POL-0062142,2024-09-11,2026-08-08,23347.82
62282,DL08AH7832,ICICI Lombard,POL-0062282,2025-08-18,2027-04-26,7456.96
62357,DL08AH7924,TATA AIG,POL-0062357,2025-06-18,2026-08-16,17968.38
62414,DL08AH7992,Bajaj Allianz,POL-0062414,2025-03-15,2026-06-07,18932.5
62415,DL08AH7993,ICICI Lombard,POL-0062415,2025-05-18,2026-12-19,14312.76
62461,DL08AH8047,HDFC Ergo,POL-0062461,2025-12-22,2026-09-15,20811.64
62526,DL08AH8135,HDFC Ergo,POL-0062526,2026-05-04,2026-07-07,18957.9
62552,DL08AH8172,HDFC Ergo,POL-0062552,2026-01-15,2027-09-10,12675.78
62569,DL08AH8193,HDFC Ergo,POL-0062569,2024-10-08,2025-06-14,8610.64
62592,DL08AH8222,TATA AIG,POL-0062592,2025-04-26,2026-09-15,5234.26
62733,DL08AH8385,Bajaj Allianz,POL-0062733,2025-10-23,2026-07-03,10001.51
62830,DL08AH8504,TATA AIG,POL-0062830,2026-06-21,2027-08-12,13148.61
62878,DL08AH8561,ICICI Lombard,POL-0062878,2026-06-25,2027-03-05,23082.73
62982,DL08AH8697,HDFC Ergo,POL-0062982,2026-01-13,2027-09-03,22613.55
63149,DL08AH8907,TATA AIG,POL-0063149,2025-12-26,2027-09-29,6025.11
63278,DL08AH9069,ICICI Lombard,POL-0063278,2026-06-06,2028-02-01,7438.49
63325,DL08AH9129,ICICI Lombard,POL-0063325,2025-10-18,2025-11-21,24458.36
63550,DL08AH9415,ICICI Lombard,POL-0063550,2026-05-14,2027-04-12,13494.45
63583,DL08AH9457,TATA AIG,POL-0063583,2026-07-12,2026-08-17,7408.16
63594,DL08AH9471,ICICI Lombard,POL-0063594,2025-12-18,2027-10-12,12226.02
63602,DL08AH9482,TATA AIG,POL-0063602,2026-06-15,2028-02-06,6427.81
63626,DL08AH9516,Bajaj Allianz,POL-0063626,2025-07-15,2026-06-06,5273.87
63687,DL08AH9593,Bajaj Allianz,POL-0063687,2026-03-05,2027-10-30,4549.76
63866,DL08AH9818,Bajaj Allianz,POL-0063866,2025-04-27,2026-10-12,6430.89
63885,DL08AH9840,Bajaj Allianz,POL-0063885,2025-10-22,2027-01-30,23159.91
63920,DL08AH9887,ICICI Lombard,POL-0063920,2025-05-05,2027-03-12,21694.13
63933,DL08AH9905,ICICI Lombard,POL-0063933,2026-05-16,2027-07-27,18792.4
64101,DL09AI0120,HDFC Ergo,POL-0064101,2025-10-24,2026-05-05,17243.14
64253,DL09AI0301,ICICI Lombard,POL-0064253,2026-03-23,2028-02-08,4977.86
64563,DL09AI0676,Bajaj Allianz,POL-0064563,2025-04-05,2025-09-08,4428.02
64750,DL09AI0931,Bajaj Allianz,POL-0064750,2025-06-16,2026-02-11,14604.05
64851,DL09AI1057,Bajaj Allianz,POL-0064851,2025-04-12,2026-07-13,15149.21
64861,DL09AI1070,HDFC Ergo,POL-0064861,2025-12-15,2026-09-10,10435.57
64942,DL09AI1167,TATA AIG,POL-0064942,2025-10-02,2026-02-03,9552.25
64972,DL09AI1205,TATA AIG,POL-0064972,2025-07-12,2026-12-04,15200.05
64989,DL09AI1226,ICICI Lombard,POL-0064989,2024-12-18,2025-11-06,22145.83
65143,DL09AI1416,TATA AIG,POL-0065143,2024-11-27,2026-05-04,16831.27
65159,DL09AI1439,TATA AIG,POL-0065159,2025-09-11,2027-02-03,10867.9
65254,DL09AI1560,ICICI Lombard,POL-0065254,2025-12-16,2026-07-06,15639.16
65288,DL09AI1609,Bajaj Allianz,POL-0065288,2025-02-03,2026-03-06,6685.35
65345,DL09AI1678,HDFC Ergo,POL-0065345,2025-07-02,2026-08-24,22738.31
65351,DL09AI1691,TATA AIG,POL-0065351,2025-10-07,2027-03-29,10999.91
65541,DL09AI1927,ICICI Lombard,POL-0065541,2024-11-07,2026-01-21,9218.92
65715,DL09AI2149,Bajaj Allianz,POL-0065715,2026-05-05,2027-11-30,11140.26
65720,DL09AI2155,Bajaj Allianz,POL-0065720,2025-03-09,2026-05-21,18174.42
65760,DL09AI2213,HDFC Ergo,POL-0065760,2026-01-06,2026-10-24,16158.68
65783,DL09AI2240,TATA AIG,POL-0065783,2025-07-14,2026-04-09,14395.87
65785,DL09AI2242,Bajaj Allianz,POL-0065785,2025-02-25,2026-12-26,8641.0
65877,DL09AI2345,Bajaj Allianz,POL-0065877,2025-04-22,2026-07-18,15733.52
65997,DL09AI2502,TATA AIG,POL-0065997,2025-02-25,2026-05-26,6645.93
66058,DL09AI2578,TATA AIG,POL-0066058,2025-05-15,2027-01-22,7603.64
66174,DL09AI2719,Bajaj Allianz,POL-0066174,2025-06-06,2026-07-04,16619.62
66182,DL09AI2727,TATA AIG,POL-0066182,2024-10-28,2025-12-22,21090.43
66366,DL09AI2960,Bajaj Allianz,POL-0066366,2025-08-26,2027-02-17,13063.81
66505,DL09AI3130,ICICI Lombard,POL-0066505,2025-02-07,2025-11-07,18255.11
66563,DL09AI3202,ICICI Lombard,POL-0066563,2026-01-18,2026-10-12,11286.31
66585,DL09AI3227,HDFC Ergo,POL-0066585,2025-11-18,2026-06-04,14323.49
66631,DL09AI3283,HDFC Ergo,POL-0066631,2024-10-10,2025-07-09,22144.43
66660,DL09AI3320,TATA AIG,POL-0066660,2026-02-05,2027-11-09,23231.62
66761,DL09AI3442,TATA AIG,POL-0066761,2026-02-27,2026-05-26,21252.46
66811,DL09AI3507,HDFC Ergo,POL-0066811,2026-04-22,2026-07-17,13981.54
66873,DL09AI3579,HDFC Ergo,POL-0066873,2026-02-17,2027-12-05,16337.27
66897,DL09AI3606,HDFC Ergo,POL-0066897,2024-10-11,2026-06-29,18016.3
66900,DL09AI3611,Bajaj Allianz,POL-0066900,2025-04-29,2025-09-24,21946.55
66970,DL09AI3695,Bajaj Allianz,POL-0066970,2024-09-22,2026-03-11,10805.89
67011,DL09AI3746,TATA AIG,POL-0067011,2024-09-25,2026-04-20,13982.16
67013,DL09AI3748,HDFC Ergo,POL-0067013,2024-10-06,2025-11-26,23124.31
67114,DL09AI3886,Bajaj Allianz,POL-0067114,2024-11-01,2026-09-29,14496.28
67210,DL09AI4012,TATA AIG,POL-0067210,2025-06-12,2026-02-18,23023.09
67266,DL09AI4080,Bajaj Allianz,POL-0067266,2024-11-29,2026-03-04,6815.19
67409,DL09AI4259,TATA AIG,POL-0067409,2025-03-15,2026-05-15,16392.91
67747,DL09AI4696,Bajaj Allianz,POL-0067747,2024-09-25,2025-05-23,7787.2
67765,DL09AI4717,TATA AIG,POL-0067765,2025-07-29,2027-04-04,11251.91
67891,DL09AI4874,TATA AIG,POL-0067891,2025-07-24,2026-11-06,22131.98
67897,DL09AI4886,Bajaj Allianz,POL-0067897,2026-04-28,2027-06-10,7207.9
67900,DL09AI4889,TATA AIG,POL-0067900,2024-11-01,2026-06-09,11618.84
67939,DL09AI4939,TATA AIG,POL-0067939,2024-10-02,2026-05-12,18254.72
68057,DL09AI5097,Bajaj Allianz,POL-0068057,2025-02-15,2026-10-31,12093.78
68119,DL09AI5175,Bajaj Allianz,POL-0068119,2026-05-04,2026-05-08,20775.26
68121,DL09AI5180,HDFC Ergo,POL-0068121,2025-06-18,2026-06-12,23171.76
68122,DL09AI5181,Bajaj Allianz,POL-0068122,2025-07-09,2026-07-28,17550.82
68154,DL09AI5215,ICICI Lombard,POL-0068154,2026-01-05,2027-02-01,12804.93
68188,DL09AI5256,ICICI Lombard,POL-0068188,2026-06-29,2028-02-24,8999.88
68294,DL09AI5394,HDFC Ergo,POL-0068294,2025-07-22,2025-09-25,18556.41
68350,DL09AI5461,TATA AIG,POL-0068350,2025-01-27,2026-10-27,6958.74
68363,DL09AI5477,Bajaj Allianz,POL-0068363,2026-06-28,2027-09-13,19615.32
68549,DL09AI5717,HDFC Ergo,POL-0068549,2026-01-28,2027-06-24,11201.39
68626,DL09AI5813,ICICI Lombard,POL-0068626,2025-10-04,2027-06-09,16120.32
68636,DL09AI5823,TATA AIG,POL-0068636,2025-04-02,2026-06-09,14957.92
68707,DL09AI5909,HDFC Ergo,POL-0068707,2025-03-23,2026-02-11,6709.92
68771,DL09AI5990,TATA AIG,POL-0068771,2026-01-12,2026-08-02,6629.44
68910,DL09AI6163,ICICI Lombard,POL-0068910,2025-11-23,2027-03-20,12387.18
68941,DL09AI6200,TATA AIG,POL-0068941,2024-09-24,2026-08-07,21458.5
68998,DL09AI6275,Bajaj Allianz,POL-0068998,2025-03-15,2026-03-02,21608.74
69061,DL09AI6356,HDFC Ergo,POL-0069061,2026-05-08,2028-01-07,10642.46
69079,DL09AI6374,ICICI Lombard,POL-0069079,2026-01-23,2027-09-04,11955.09
69099,DL09AI6400,TATA AIG,POL-0069099,2025-03-24,2027-01-24,5059.04
69159,DL09AI6474,TATA AIG,POL-0069159,2025-08-29,2026-02-12,8384.52
69179,DL09AI6499,Bajaj Allianz,POL-0069179,2025-07-05,2025-07-18,16855.23
69187,DL09AI6511,Bajaj Allianz,POL-0069187,2025-01-03,2026-04-15,20761.11
69319,DL09AI6673,HDFC Ergo,POL-0069319,2025-09-15,2026-12-16,11271.29
69343,DL09AI6706,HDFC Ergo,POL-0069343,2026-06-14,2027-08-15,9389.55
69383,DL09AI6752,HDFC Ergo,POL-0069383,2025-05-01,2026-08-19,23394.52
69452,DL09AI6846,TATA AIG,POL-0069452,2024-12-31,2025-07-02,6485.58
69542,DL09AI6951,ICICI Lombard,POL-0069542,2025-01-29,2025-09-03,5532.78
69599,DL09AI7026,Bajaj Allianz,POL-0069599,2026-05-14,2027-10-23,12158.21
69695,DL09AI7153,ICICI Lombard,POL-0069695,2026-04-18,2027-10-03,12627.17
69904,DL09AI7404,HDFC Ergo,POL-0069904,2026-03-19,2027-07-05,13992.59
69915,DL09AI7416,ICICI Lombard,POL-0069915,2025-04-18,2026-03-13,10323.85
69977,DL09AI7500,TATA AIG,POL-0069977,2026-04-14,2027-12-10,20117.67
70006,DL09AI7538,TATA AIG,POL-0070006,2025-10-18,2026-06-06,24605.61
70041,DL09AI7580,HDFC Ergo,POL-0070041,2024-12-17,2026-01-31,14384.36
70110,DL09AI7670,Bajaj Allianz,POL-0070110,2025-12-30,2026-11-12,22734.46
70117,DL09AI7684,HDFC Ergo,POL-0070117,2025-10-23,2027-03-16,24685.05
70167,DL09AI7747,Bajaj Allianz,POL-0070167,2026-06-14,2027-04-30,23298.63
70199,DL09AI7782,ICICI Lombard,POL-0070199,2026-01-03,2026-01-09,21642.2
70220,DL09AI7806,HDFC Ergo,POL-0070220,2025-01-31,2026-03-13,22435.83
70238,DL09AI7835,HDFC Ergo,POL-0070238,2025-01-15,2026-01-20,16187.43
70244,DL09AI7841,HDFC Ergo,POL-0070244,2026-01-16,2026-05-18,20979.71
70277,DL09AI7881,HDFC Ergo,POL-0070277,2025-12-24,2026-01-10,18198.81
70294,DL09AI7900,ICICI Lombard,POL-0070294,2025-09-03,2026-03-29,5036.89
70408,DL09AI8039,HDFC Ergo,POL-0070408,2026-01-02,2027-01-25,9987.7
70469,DL09AI8117,TATA AIG,POL-0070469,2025-09-30,2027-06-12,22942.81
70474,DL09AI8125,ICICI Lombard,POL-0070474,2025-08-09,2027-04-24,15586.23
70518,DL09AI8184,Bajaj Allianz,POL-0070518,2025-04-09,2025-09-05,12389.3
70522,DL09AI8188,Bajaj Allianz,POL-0070522,2026-04-09,2027-04-23,18454.57
70580,DL09AI8259,Bajaj Allianz,POL-0070580,2025-07-31,2026-05-20,11421.13
70677,DL09AI8381,Bajaj Allianz,POL-0070677,2026-06-30,2028-02-24,7365.15
70687,DL09AI8395,ICICI Lombard,POL-0070687,2025-01-21,2026-10-11,12758.87
70825,DL09AI8555,TATA AIG,POL-0070825,2025-01-04,2026-03-23,10204.35
70944,DL09AI8696,HDFC Ergo,POL-0070944,2026-06-23,2027-01-25,7013.63
71013,DL09AI8777,ICICI Lombard,POL-0071013,2025-10-26,2026-11-21,19677.48
71017,DL09AI8781,HDFC Ergo,POL-0071017,2024-12-15,2025-10-22,13169.89
71043,DL09AI8815,TATA AIG,POL-0071043,2026-01-05,2027-07-30,21045.86
71060,DL09AI8835,HDFC Ergo,POL-0071060,2024-09-26,2025-10-17,17692.19
71201,DL09AI9016,ICICI Lombard,POL-0071201,2026-07-06,2028-01-03,15663.88
71239,DL09AI9065,Bajaj Allianz,POL-0071239,2025-11-13,2026-09-08,16783.89
71318,DL09AI9166,HDFC Ergo,POL-0071318,2025-09-02,2027-05-24,6361.48
71339,DL09AI9192,TATA AIG,POL-0071339,2026-06-07,2026-09-05,17749.79
71375,DL09AI9241,HDFC Ergo,POL-0071375,2026-01-12,2027-11-08,20432.03
71471,DL09AI9364,HDFC Ergo,POL-0071471,2025-12-28,2027-02-15,24664.58
71502,DL09AI9399,HDFC Ergo,POL-0071502,2025-11-10,2027-03-10,18788.1
71614,DL09AI9539,HDFC Ergo,POL-0071614,2025-06-15,2026-02-02,12844.59
71659,DL09AI9593,ICICI Lombard,POL-0071659,2024-10-21,2024-11-04,20779.14
71736,DL09AI9687,TATA AIG,POL-0071736,2025-08-28,2026-05-07,15595.68
71751,DL09AI9705,ICICI Lombard,POL-0071751,2026-03-15,2026-10-25,4926.49
71898,DL09AI9889,TATA AIG,POL-0071898,2026-05-03,2027-01-27,8589.45
71966,DL09AI9974,Bajaj Allianz,POL-0071966,2024-12-21,2025-04-06,17088.4
72007,DL10AJ0027,Bajaj Allianz,POL-0072007,2026-02-13,2027-01-05,6495.47
72067,DL10AJ0096,ICICI Lombard,POL-0072067,2026-06-24,2026-08-02,23743.99
72095,DL10AJ0128,ICICI Lombard,POL-0072095,2025-04-04,2025-12-31,16103.09
72139,DL10AJ0198,ICICI Lombard,POL-0072139,2026-06-12,2027-05-15,12777.58
72191,DL10AJ0266,TATA AIG,POL-0072191,2026-06-04,2026-07-24,24590.92
72264,DL10AJ0357,HDFC Ergo,POL-0072264,2025-10-07,2027-02-10,7900.03
72319,DL 10 AJ 0422,TATA AIG,POL-0072319,2025-04-04,2025-06-05,18913.55
72354,DL10AJ0461,HDFC Ergo,POL-0072354,2026-03-07,2027-01-16,11918.68
72373,DL10AJ0480,HDFC Ergo,POL-0072373,2025-04-13,2026-05-09,10217.82
72406,DL10AJ0519,TATA AIG,POL-0072406,2024-10-18,2025-10-18,19796.28
72407,DL10AJ0520,TATA AIG,POL-0072407,2026-02-08,2027-10-12,18047.11
72449,DL10AJ0573,TATA AIG,POL-0072449,2025-05-30,2026-07-01,4444.94
72537,DL10AJ0673,HDFC Ergo,POL-0072537,2025-03-30,2027-02-27,9504.69
72732,DL10AJ0921,HDFC Ergo,POL-0072732,2026-04-24,2026-05-20,19735.44
72763,DL10AJ0957,ICICI Lombard,POL-0072763,2025-05-09,2026-05-29,7198.29
72769,DL10AJ0964,ICICI Lombard,POL-0072769,2026-04-29,2027-05-05,13128.4
72935,DL10AJ1163,TATA AIG,POL-0072935,2026-05-06,2026-06-03,11026.74
72980,DL10AJ1214,Bajaj Allianz,POL-0072980,2026-07-06,2027-05-03,14075.16
73028,DL10AJ1272,HDFC Ergo,POL-0073028,2025-04-07,2025-12-20,11922.52
73107,DL10AJ1382,Bajaj Allianz,POL-0073107,2025-11-25,2027-06-08,17890.07
73108,DL10AJ1384,ICICI Lombard,POL-0073108,2026-03-06,2026-08-28,17526.18
73130,DL10AJ1411,HDFC Ergo,POL-0073130,2024-11-23,2025-12-03,22820.39
73139,DL10AJ1422,HDFC Ergo,POL-0073139,2025-04-03,2026-03-27,9933.64
73203,DL10AJ1506,ICICI Lombard,POL-0073203,2024-11-02,2024-12-06,22039.75
73213,DL10AJ1521,ICICI Lombard,POL-0073213,2025-12-15,2026-08-24,15122.65
73315,DL10AJ1655,HDFC Ergo,POL-0073315,2025-04-17,2026-10-11,12255.61
73338,DL10AJ1680,Bajaj Allianz,POL-0073338,2025-12-19,2027-01-07,19174.72
73362,DL10AJ1715,TATA AIG,POL-0073362,2025-09-09,2026-11-29,9788.18
73499,DL10AJ1891,ICICI Lombard,POL-0073499,2024-12-10,2025-10-30,7864.12
73512,DL10AJ1905,TATA AIG,POL-0073512,2024-11-14,2025-01-02,22438.31
73519,DL10AJ1917,HDFC Ergo,POL-0073519,2024-09-22,2025-07-11,4113.01
73575,DL10AJ1988,ICICI Lombard,POL-0073575,2025-09-10,2027-07-01,23988.88
73681,DL10AJ2124,ICICI Lombard,POL-0073681,2024-12-03,2025-11-05,5069.47
73695,DL10AJ2141,TATA AIG,POL-0073695,2025-04-23,2027-02-18,22112.6
73923,DL10AJ2435,TATA AIG,POL-0073923,2025-12-08,2026-10-09,8148.39
73971,DL10AJ2493,TATA AIG,POL-0073971,2025-07-07,2026-09-09,6102.89
74106,DL10AJ2662,Bajaj Allianz,POL-0074106,2026-03-13,2026-10-01,14738.56
74146,DL10AJ2708,HDFC Ergo,POL-0074146,2026-05-10,2027-10-21,23257.84
74201,DL10AJ2778,TATA AIG,POL-0074201,2024-12-23,2026-06-10,4769.35
74222,DL10AJ2801,TATA AIG,POL-0074222,2025-08-04,2026-09-19,22991.79
74305,DL10AJ2901,HDFC Ergo,POL-0074305,2025-08-15,2026-07-07,10511.58
74411,DL10AJ3032,TATA AIG,POL-0074411,2024-09-24,2026-03-17,15011.9
74810,DL10AJ3525,ICICI Lombard,POL-0074810,2025-10-26,2026-06-21,6950.31
74967,DL10AJ3718,TATA AIG,POL-0074967,2025-10-04,2026-08-11,7664.14
75091,DL10AJ3872,HDFC Ergo,POL-0075091,2025-05-16,2026-10-17,10292.36
75123,DL10AJ3926,Bajaj Allianz,POL-0075123,2026-06-27,2027-10-28,22868.13
75231,DL10AJ4058,HDFC Ergo,POL-0075231,2025-08-18,2026-07-20,22316.74
75315,DL10AJ4163,ICICI Lombard,POL-0075315,2026-02-09,2026-07-09,17653.53
75349,DL10AJ4203,ICICI Lombard,POL-0075349,2025-10-06,2027-06-14,11337.58
75410,DL10AJ4276,TATA AIG,POL-0075410,2026-02-09,2027-12-26,21069.76
75429,DL10AJ4297,Bajaj Allianz,POL-0075429,2025-08-19,2026-09-07,4128.21
75460,DL10AJ4329,TATA AIG,POL-0075460,2024-12-12,2026-10-21,8523.92
75468,DL10AJ4339,Bajaj Allianz,POL-0075468,2024-12-12,2025-08-01,11147.0
75595,DL10AJ4493,TATA AIG,POL-0075595,2025-04-24,2026-07-31,22191.64
75635,DL10AJ4540,ICICI Lombard,POL-0075635,2025-04-28,2026-08-13,14222.61
75720,DL10AJ4646,Bajaj Allianz,POL-0075720,2024-12-08,2025-07-13,13054.85
75759,DL10AJ4692,ICICI Lombard,POL-0075759,2025-10-11,2027-08-27,4283.86
75849,DL10AJ4811,HDFC Ergo,POL-0075849,2025-08-31,2026-07-13,7264.29
75932,DL10AJ4919,ICICI Lombard,POL-0075932,2026-05-04,2028-01-27,14863.59
75975,DL10AJ4972,HDFC Ergo,POL-0075975,2025-11-25,2027-02-26,18515.01
76129,DL10AJ5164,Bajaj Allianz,POL-0076129,2026-02-12,2026-09-01,7034.63
76390,DL10AJ5491,TATA AIG,POL-0076390,2026-04-02,2026-08-06,16387.02
76443,DL10AJ5561,ICICI Lombard,POL-0076443,2025-09-01,2026-12-07,17327.75
76449,DL10AJ5568,ICICI Lombard,POL-0076449,2025-11-18,2027-03-11,20524.69
76527,DL10AJ5673,HDFC Ergo,POL-0076527,2026-01-09,2026-10-06,23631.28
76592,DL10AJ5748,Bajaj Allianz,POL-0076592,2025-01-21,2026-06-24,7670.97
76739,DL10AJ5932,Bajaj Allianz,POL-0076739,2026-02-21,2026-09-13,21471.34
76784,DL10AJ5991,TATA AIG,POL-0076784,2024-09-28,2025-09-09,8646.4
76939,DL10AJ6180,HDFC Ergo,POL-0076939,2025-01-19,2026-05-18,9524.15
77021,DL10AJ6276,ICICI Lombard,POL-0077021,2025-08-17,2027-06-05,4089.09
77079,DL10AJ6345,Bajaj Allianz,POL-0077079,2026-06-21,2027-08-24,5599.54
77217,DL10AJ6530,TATA AIG,POL-0077217,2025-03-08,2026-10-22,17478.8
77227,DL10AJ6542,ICICI Lombard,POL-0077227,2024-11-18,2026-04-21,5137.97
77277,DL10AJ6605,TATA AIG,POL-0077277,2026-01-12,2027-11-25,20252.67
77443,DL10AJ6810,HDFC Ergo,POL-0077443,2026-02-25,2027-03-19,11968.01
77656,DL10AJ7080,Bajaj Allianz,POL-0077656,2024-10-29,2025-07-01,5778.18
77719,DL10AJ7154,Bajaj Allianz,POL-0077719,2024-12-17,2025-11-11,10952.64
77795,DL10AJ7248,ICICI Lombard,POL-0077795,2025-10-11,2026-11-11,4659.9
77823,DL10AJ7290,ICICI Lombard,POL-0077823,2025-10-31,2027-03-29,9877.75
77839,DL10AJ7310,Bajaj Allianz,POL-0077839,2025-10-14,2026-04-12,11661.3
77888,DL10AJ7370,ICICI Lombard,POL-0077888,2025-05-14,2026-03-22,16788.61
77914,DL10AJ7404,Bajaj Allianz,POL-0077914,2026-03-29,2026-08-31,12337.0
77967,DL10AJ7472,ICICI Lombard,POL-0077967,2024-11-28,2025-10-18,23931.5
78074,DL10AJ7605,Bajaj Allianz,POL-0078074,2025-04-25,2027-03-18,9886.11
78078,DL10AJ7609,HDFC Ergo,POL-0078078,2025-07-14,2026-09-25,4892.56
78107,DL10AJ7647,Bajaj Allianz,POL-0078107,2025-05-25,2026-04-22,5081.39
78123,DL10AJ7671,ICICI Lombard,POL-0078123,2025-12-22,2026-05-02,17292.42
78210,DL10AJ7771,ICICI Lombard,POL-0078210,2024-12-05,2026-07-02,18940.83
78251,DL10AJ7818,ICICI Lombard,POL-0078251,2025-08-12,2027-01-11,10675.74
78279,DL10AJ7853,TATA AIG,POL-0078279,2026-01-29,2026-03-23,12849.75
78299,DL10AJ7880,ICICI Lombard,POL-0078299,2025-05-08,2025-11-01,9164.93
78325,DL10AJ7912,ICICI Lombard,POL-0078325,2024-09-23,2025-09-15,22658.2
78376,DL10AJ7973,Bajaj Allianz,POL-0078376,2025-02-28,2026-05-19,15813.44
78381,DL10AJ7978,TATA AIG,POL-0078381,2025-01-13,2025-01-22,17961.97
78424,DL10AJ8032,HDFC Ergo,POL-0078424,2025-12-06,2027-03-22,21870.38
78430,DL10AJ8038,Bajaj Allianz,POL-0078430,2025-04-23,2026-07-31,11657.22
78445,DL10AJ8059,Bajaj Allianz,POL-0078445,2025-08-04,2026-12-01,14212.44
78535,DL10AJ8167,Bajaj Allianz,POL-0078535,2025-06-22,2027-03-29,10839.39
78542,DL10AJ8174,HDFC Ergo,POL-0078542,2025-01-06,2025-10-11,20608.63
78544,DL10AJ8176,HDFC Ergo,POL-0078544,2025-01-24,2026-04-02,12277.35
78589,DL10AJ8235,ICICI Lombard,POL-0078589,2025-05-01,2026-01-30,19938.31
78700,DL10AJ8366,Bajaj Allianz,POL-0078700,2026-05-21,2028-04-16,14143.41
78747,DL10AJ8419,TATA AIG,POL-0078747,2026-06-08,2027-10-23,7680.24
78756,DL10AJ8430,TATA AIG,POL-0078756,2026-02-04,2027-05-26,13222.27
78848,DL10AJ8548,TATA AIG,POL-0078848,2026-06-18,2027-02-16,16324.54
79084,DL10AJ8848,TATA AIG,POL-0079084,2026-07-03,2028-01-02,6826.39
79092,DL10AJ8858,ICICI Lombard,POL-0079092,2025-09-12,2027-06-11,9271.95
79199,DL10AJ8992,HDFC Ergo,POL-0079199,2025-08-17,2025-09-02,21571.38
79201,DL10AJ8994,Bajaj Allianz,POL-0079201,2026-03-08,2027-05-26,4403.75
79237,DL10AJ9035,HDFC Ergo,POL-0079237,2025-04-26,2025-06-26,20270.92
79259,DL10AJ9061,HDFC Ergo,POL-0079259,2025-01-11,2025-11-02,6745.76
79309,DL10AJ9125,ICICI Lombard,POL-0079309,2026-03-05,2026-12-31,17633.41
79504,DL10AJ9374,HDFC Ergo,POL-0079504,2025-07-23,2026-03-08,14057.04
79573,DL10AJ9458,ICICI Lombard,POL-0079573,2024-12-16,2026-06-11,23552.48
79639,DL10AJ9536,HDFC Ergo,POL-0079639,2024-12-08,2025-10-22,17216.38
79720,DL10AJ9641,ICICI Lombard,POL-0079720,2025-11-16,2025-11-24,19599.45
79752,DL10AJ9680,Bajaj Allianz,POL-0079752,2025-11-17,2027-08-06,17049.42
79761,DL10AJ9693,HDFC Ergo,POL-0079761,2025-03-02,2026-01-07,11137.01
79823,DL10AJ9775,ICICI Lombard,POL-0079823,2025-05-01,2025-12-20,4302.55
79979,DL10AJ9973,Bajaj Allianz,POL-0079979,2024-10-08,2025-07-31,13302.82
79993,DL10AJ9991,HDFC Ergo,POL-0079993,2025-01-11,2026-03-13,19533.42
