id,car_id,registration_date,renewal_date,rto_office
1,DL01AA0053,2025-02-05,2026-12-08,RTO Delhi Central
2,DL01AA0074,2021-11-30,2023-06-23,RTO Delhi North
3,DL01AA0150,2023-05-22,2024-06-19,RTO Delhi North
4,DL01AA0221,2024-02-12,2024-06-11,RTO Delhi South
5,DL01AA0282,2025-08-04,2027-07-03,RTO Delhi South
6,DL01AA0336,2022-02-19,2022-04-18,RTO Delhi Central
7,DL01AA0350,2024-02-11,2026-01-07,RTO Delhi North
8,DL01AA0425,2022-05-27,2024-04-13,RTO Delhi Central
9,DL01AA0464,2023-11-12,2024-05-04,RTO Delhi North
10,DL01AA0726,2021-10-14,2022-10-01,RTO Delhi North
11,DL01AA0772,2020-11-12,2021-08-12,RTO Delhi South
12,DL01AA0851,2023-05-24,2023-09-13,RTO Delhi South
13,DL01AA0942,2023-12-21,2024-12-14,RTO Delhi Central
14,DL01AA1025,2024-06-26,2025-02-27,RTO Delhi Central
15,DL01AA1061,2024-04-11,2024-11-04,RTO Delhi South
16,DL01AA1220,2025-01-11,2025-04-06,RTO Delhi South
17,DL01AA1231,2021-10-12,2021-11-25,RTO Delhi North
18,DL-01-AA-1267,2022-11-10,2023-02-26,RTO Delhi South
19,DL01AA1330,2025-08-10,2025-12-19,RTO Delhi South
20,DL01AA1504,2023-02-18,2024-12-30,RTO Delhi Central
21,DL01AA1607,2021-06-20,2022-12-01,RTO Delhi Central
22,DL01AA1658,2020-11-12,2021-06-23,RTO Delhi North
23,DL01AA1792,2024-04-05,2024-10-31,RTO Delhi North
24,DL01AA1824,2022-12-05,2024-03-13,RTO Delhi South
25,DL01AA1854,2024-09-21,2025-04-06,RTO Delhi Central
26,DL01AA1934,2023-02-03,2024-02-09,RTO Delhi Central
27,DL01AA2011,2021-10-22,2022-09-18,RTO Delhi North
28,DL01AA2260,2024-07-14,2025-06-15,RTO Delhi South
29,DL01AA2540,2025-07-07,2027-05-16,RTO Delhi North
30,DL01AA2552,2021-08-05,2023-02-18,RTO Delhi Central
31,DL01AA2560,2021-06-20,2022-06-10,RTO Delhi South
32,DL01AA2671,2023-12-14,2025-03-26,RTO Delhi North
33,DL01AA2719,2022-09-23,2023-11-02,RTO Delhi North
34,DL01AA2757,2024-12-21,2025-09-09,RTO Delhi South
35,DL01AA2875,2025-05-18,2026-08-23,RTO Delhi South
36,DL01AA3101,2024-12-21,2025-03-22,RTO Delhi South
37,DL01AA3201,2022-06-29,2024-02-05,RTO Delhi South
38,DL01AA3248,2024-08-28,2025-01-25,RTO Delhi North
39,DL01AA3278,2024-03-13,2025-01-05,RTO Delhi South
40,DL01AA3280,2022-04-02,2022-12-28,RTO Delhi South
41,DL01AA3365,2022-06-27,2022-09-04,RTO Delhi North
42,DL01AA3390,2023-04-20,2025-01-05,RTO Delhi Central
43,DL01AA3478,2023-12-07,2024-10-27,RTO Delhi Central
44,DL-01-AA-3534,2023-09-23,2025-02-27,RTO Delhi Central
45,DL01AA3552,2023-11-10,2024-05-21,RTO Delhi North
46,DL01AA3617,2025-05-23,2025-07-25,RTO Delhi North
47,DL01AA3761,2023-11-13,2025-01-02,RTO Delhi South
48,DL01AA3783,2022-02-18,2023-04-05,RTO Delhi North
49,DL01AA3794,2025-04-16,2025-07-18,RTO Delhi North
50,DL01AA3804,2024-06-09,2025-07-20,RTO Delhi North
51,DL01AA3905,2023-12-26,2025-07-24,RTO Delhi North
52,DL01AA4067,2022-10-28,2024-03-06,RTO Delhi Central
53,DL-01-AA-4117,2024-04-30,2025-08-25,RTO Delhi Central
54,DL01AA4165,2024-06-20,2026-02-10,RTO Delhi North
55,DL01AA4207,2024-12-21,2026-03-24,RTO Delhi Central
56,DL01AA4278,2023-09-14,2024-10-04,RTO Delhi North
57,DL01AA4373,2024-12-31,2025-09-03,RTO Delhi Central
58,DL01AA4705,2024-11-27,2025-09-18,RTO Delhi North
59,DL01AA4722,2022-11-29,2023-10-07,RTO Delhi South
60,DL01AA4809,2024-09-18,2024-12-25,RTO Delhi South
61,DL01AA4852,2025-01-02,2025-10-10,RTO Delhi Central
62,DL01AA4877,2024-08-19,2024-12-26,RTO Delhi Central
63,DL01AA5014,2020-11-27,2022-10-13,RTO Delhi North
64,DL01AA5075,2020-12-21,2021-05-11,RTO Delhi Central
65,DL01AA5167,2022-01-22,2022-11-15,RTO Delhi North
66,DL-01-AA-5209,2021-12-23,2023-03-25,RTO Delhi Central
67,DL01AA5224,2023-07-10,2024-12-02,RTO Delhi North
68,DL-01-AA-5229,2023-10-24,2024-10-22,RTO Delhi South
69,DL-01-AA-5273,2023-10-20,2025-08-11,RTO Delhi Central
70,DL01AA5276,2024-10-18,2024-12-31,RTO Delhi South
71,DL01AA5383,2023-01-24,2023-07-30,RTO Delhi Central
72,DL01AA5482,2025-06-14,2025-12-07,RTO Delhi Central
73,DL01AA5695,2021-10-23,2023-02-22,RTO Delhi Central
74,DL01AA5720,2023-09-28,2023-12-13,RTO Delhi South
75,DL01AA5778,2022-10-17,2023-03-12,RTO Delhi Central
76,DL01AA5817,2024-02-29,2025-03-20,RTO Delhi North
77,DL-01-AA-5943,2020-10-25,2021-05-14,RTO Delhi South
78,DL01AA5965,2023-10-22,2024-01-26,RTO Delhi Central
79,DL01AA6006,2022-12-11,2023-02-17,RTO Delhi Central
80,DL01AA6028,2021-04-09,2022-12-21,RTO Delhi North
81,DL01AA6057,2023-05-22,2024-05-09,RTO Delhi South
82,DL-01-AA-6175,2023-09-03,2025-04-26,RTO Delhi North
83,DL01AA6428,2025-05-24,2026-08-04,RTO Delhi North
84,DL01AA6572,2022-01-09,2023-01-10,RTO Delhi South
85,DL01AA6582,2024-05-26,2025-06-29,RTO Delhi North
86,DL01AA6590,2021-12-09,2023-05-01,RTO Delhi South
87,DL01AA6630,2025-04-30,2026-04-24,RTO Delhi South
88,DL01AA6658,2023-08-30,2025-01-24,RTO Delhi Central
89,DL01AA6734,2025-08-07,2025-10-10,RTO Delhi North
90,DL-01-AA-6764,2022-02-23,2022-08-19,RTO Delhi North
91,DL-01-AA-6826,2023-07-31,2025-03-26,RTO Delhi Central
92,DL-01-AA-7026,2020-10-26,2022-05-19,RTO Delhi South
93,DL01AA7100,2022-01-14,2023-09-23,RTO Delhi Central
94,DL01AA7104,2022-07-29,2023-06-13,RTO Delhi South
95,DL01AA7146,2022-08-12,2022-12-15,RTO Delhi Central
96,DL01AA7331,2024-03-10,2024-05-30,RTO Delhi South
97,DL01AA7355,2021-11-19,2022-03-01,RTO Delhi North
98,DL01AA7455,2022-10-18,2023-03-01,RTO Delhi North
99,DL01AA7492,2025-01-13,2025-07-16,RTO Delhi North
100,DL01AA7592,2023-05-07,2024-09-15,RTO Delhi South
101,DL01AA7665,2023-11-09,2025-04-30,RTO Delhi Central
102,DL01AA7685,2020-12-28,2021-05-22,RTO Delhi North
103,DL01AA7716,2023-10-04,2024-10-13,RTO Delhi South
104,DL01AA7816,2024-12-13,2026-09-24,RTO Delhi South
105,DL01AA7894,2024-04-06,2025-07-13,RTO Delhi North
106,DL01AA7944,2024-09-14,2025-07-27,RTO Delhi North
107,DL01AA7989,2023-10-22,2025-03-04,RTO Delhi North
108,DL01AA8161,2023-05-25,2023-08-31,RTO Delhi South
109,DL01AA8285,2025-07-17,2027-01-16,RTO Delhi Central
110,DL01AA8326,2021-11-02,2023-06-01,RTO Delhi North
111,DL01AA8392,2021-01-31,2022-07-09,RTO Delhi Central
112,DL01AA8418,2022-07-17,2023-02-19,RTO Delhi South
113,DL01AA8564,2023-08-16,2024-11-08,RTO Delhi South
114,DL01AA8675,2022-02-26,2023-08-14,RTO Delhi North
115,DL01AA8834,2025-01-30,2026-06-01,RTO Delhi Central
116,DL01AA8907,2025-06-27,2025-10-11,RTO Delhi North
117,DL01AA8968,2024-02-06,2025-09-09,RTO Delhi North
118,DL01AA8981,2022-05-14,2023-04-05,RTO Delhi South
119,DL01AA8993,2023-07-03,2024-02-06,RTO Delhi Central
120,DL01AA9016,2024-06-27,2025-09-14,RTO Delhi Central
121,DL01AA9038,2021-05-04,2022-09-17,RTO Delhi Central
122,DL01AA9071,2024-02-27,2024-12-22,RTO Delhi Central
123,DL01AA9099,2025-06-22,2026-08-06,RTO Delhi Central
124,DL01AA9116,2025-09-10,2026-05-21,RTO Delhi South
125,DL01AA9150,2025-03-19,2025-10-13,RTO Delhi North
126,DL01AA9171,2022-01-21,2023-09-27,RTO Delhi South
127,DL01AA9287,2020-10-28,2022-01-01,RTO Delhi Central
128,DL-01-AA-9305,2023-11-10,2025-02-27,RTO Delhi North
129,DL01AA9329,2024-03-25,2025-12-11,RTO Delhi Central
130,DL01AA9358,2024-05-28,2025-02-21,RTO Delhi South
131,DL01AA9359,2024-07-10,2026-03-20,RTO Delhi Central
132,DL-01-AA-9508,2022-03-21,2022-11-11,RTO Delhi Central
133,DL-01-AA-9545,2020-12-27,2022-02-04,RTO Delhi North
134,DL01AA9602,2020-10-23,2021-01-03,RTO Delhi Central
135,DL01AA9681,2023-05-18,2024-01-01,RTO Delhi South
136,DL01AA9710,2023-09-22,2024-02-19,RTO Delhi South
137,DL01AA9807,2021-03-15,2022-07-10,RTO Delhi South
138,DL01AA9838,2021-01-09,2021-09-16,RTO Delhi South
139,DL01AA9862,2023-07-26,2024-11-13,RTO Delhi South
140,DL01AA9869,2021-06-30,2022-10-13,RTO Delhi South
141,DL-01-AA-9880,2025-06-24,2026-11-30,RTO Delhi Central
142,DL01AA9961,2023-08-05,2025-05-13,RTO Delhi South
143,DL02AB0155,2023-08-18,2023-12-27,RTO Delhi North
144,DL02AB0322,2025-06-24,2026-06-30,RTO Delhi South
145,DL02AB0328,2024-04-03,2024-07-06,RTO Delhi South
146,DL-02-AB-0350,2021-11-18,2022-12-25,RTO Delhi Central
147,DL02AB0458,2021-06-05,2021-09-28,RTO Delhi South
148,DL02AB0500,2021-01-25,2021-05-02,RTO Delhi Central
149,DL02AB0527,2022-04-01,2023-08-11,RTO Delhi North
150,DL02AB0543,2021-12-20,2023-04-01,RTO Delhi Central
151,DL02AB0561,2024-07-23,2025-07-28,RTO Delhi South
152,DL02AB0641,2024-08-27,2025-06-24,RTO Delhi South
153,DL02AB0735,2021-07-31,2023-04-09,RTO Delhi South
154,DL02AB0745,2025-07-20,2027-04-09,RTO Delhi South
155,DL02AB1003,2025-03-14,2026-03-11,RTO Delhi South
156,DL02AB1114,2022-11-29,2024-02-27,RTO Delhi Central
157,DL02AB1164,2022-04-07,2023-12-27,RTO Delhi North
158,DL02AB1221,2023-01-15,2024-04-27,RTO Delhi South
159,DL02AB1226,2023-04-23,2024-11-07,RTO Delhi North
160,DL02AB1359,2024-06-17,2025-07-02,RTO Delhi Central
161,DL02AB1395,2024-10-25,2025-05-31,RTO Delhi Central
162,DL02AB1542,2022-05-19,2022-09-03,RTO Delhi Central
163,DL02AB1813,2024-07-28,2026-05-23,RTO Delhi North
164,DL02AB1836,2025-01-11,2025-09-26,RTO Delhi North
165,DL02AB1846,2023-09-22,2024-09-20,RTO Delhi South
166,DL02AB1915,2024-07-11,2025-03-15,RTO Delhi Central
167,DL02AB1959,2022-03-20,2023-09-29,RTO Delhi Central
168,DL02AB1970,2022-08-09,2024-04-06,RTO Delhi North
169,DL02AB2097,2023-10-16,2025-02-21,RTO Delhi South
170,DL02AB2156,2025-02-12,2025-03-31,RTO Delhi South
171,DL02AB2196,2024-01-02,2024-03-11,RTO Delhi South
172,DL02AB2217,2025-04-20,2025-08-18,RTO Delhi South
173,DL02AB2224,2022-05-08,2023-01-03,RTO Delhi South
174,DL02AB2240,2022-08-22,2024-01-08,RTO Delhi Central
175,DL02AB2280,2023-12-06,2024-04-20,RTO Delhi North
176,DL02AB2363,2021-03-28,2022-05-05,RTO Delhi Central
177,DL02AB2676,2021-06-09,2023-02-14,RTO Delhi Central
178,DL02AB2704,2023-02-23,2024-04-21,RTO Delhi South
179,DL02AB2735,2021-10-17,2022-11-23,RTO Delhi South
180,DL02AB2739,2024-07-31,2026-03-22,RTO Delhi South
181,DL02AB2833,2020-12-12,2021-09-10,RTO Delhi Central
182,DL02AB2899,2023-10-20,2024-09-14,RTO Delhi South
183,DL02AB2903,2025-07-08,2025-12-25,RTO Delhi Central
184,DL02AB3006,2022-08-25,2022-10-09,RTO Delhi Central
185,DL-02-AB-3069,2022-01-30,2023-02-18,RTO Delhi Central
186,DL02AB3104,2021-03-20,2022-04-21,RTO Delhi South
187,DL02AB3154,2023-03-24,2024-11-03,RTO Delhi Central
188,DL02AB3173,2024-01-27,2024-11-09,RTO Delhi North
189,DL02AB3176,2024-11-04,2026-05-08,RTO Delhi South
190,DL02AB3238,2022-11-02,2023-03-08,RTO Delhi North
191,DL02AB3356,2025-07-25,2026-11-13,RTO Delhi North
192,DL02AB3396,2022-11-15,2023-01-30,RTO Delhi South
193,DL02AB3434,2025-03-26,2026-01-25,RTO Delhi North
194,DL02AB3446,2021-01-04,2022-07-12,RTO Delhi North
195,DL02AB3473,2023-06-13,2024-06-17,RTO Delhi North
196,DL02AB3577,2021-10-09,2022-06-13,RTO Delhi South
197,DL02AB3710,2022-10-02,2023-02-15,RTO Delhi South
198,DL02AB3833,2024-03-26,2025-08-26,RTO Delhi South
199,DL02AB3947,2023-01-03,2024-11-25,RTO Delhi South
200,DL02AB3970,2022-03-05,2023-04-28,RTO Delhi North
201,DL02AB3979,2020-11-23,2022-03-17,RTO Delhi Central
202,DL02AB4029,2022-02-01,2023-04-20,RTO Delhi Central
203,DL02AB4168,2022-10-11,2024-02-01,RTO Delhi South
204,DL02AB4201,2024-03-16,2025-08-14,RTO Delhi South
205,DL02AB4208,2021-06-16,2022-12-04,RTO Delhi North
206,DL-02-AB-4322,2024-09-21,2025-08-02,RTO Delhi Central
207,DL02AB4371,2022-07-29,2024-02-18,RTO Delhi Central
208,DL02AB4592,2021-04-12,2021-09-26,RTO Delhi Central
209,DL02AB4621,2023-09-10,2024-12-27,RTO Delhi Central
210,DL02AB4662,2021-03-23,2022-06-24,RTO Delhi South
211,DL02AB4663,2022-12-19,2024-09-06,RTO Delhi North
212,DL02AB4871,2020-11-23,2022-01-09,RTO Delhi Central
213,DL02AB4953,2023-09-20,2024-04-03,RTO Delhi North
214,DL02AB4993,2023-08-29,2024-08-05,RTO Delhi North
215,DL02AB5012,2024-01-09,2024-06-08,RTO Delhi South
216,DL02AB5014,2025-04-05,2027-01-13,RTO Delhi North
217,DL02AB5043,2022-05-12,2023-06-01,RTO Delhi South
218,DL02AB5095,2021-04-18,2021-11-21,RTO Delhi North
219,DL02AB5118,2025-05-19,2026-12-03,RTO Delhi North
220,DL02AB5129,2022-08-15,2024-06-05,RTO Delhi North
221,DL02AB5157,2024-02-11,2024-09-07,RTO Delhi South
222,DL02AB5194,2024-12-01,2026-07-19,RTO Delhi Central
223,DL02AB5220,2024-09-04,2025-02-13,RTO Delhi South
224,DL02AB5292,2023-02-24,2023-07-16,RTO Delhi Central
225,DL02AB5396,2023-09-23,2024-05-08,RTO Delhi North
226,DL02AB5525,2024-11-15,2025-05-14,RTO Delhi South
227,DL-02-AB-5670,2022-10-12,2024-08-28,RTO Delhi Central
228,DL02AB5713,2022-02-14,2022-07-21,RTO Delhi South
229,DL02AB5814,2024-11-03,2026-04-20,RTO Delhi North
230,DL02AB5860,2025-03-25,2025-06-22,RTO Delhi North
231,DL02AB5866,2023-09-25,2024-12-30,RTO Delhi North
232,DL02AB5906,2021-01-10,2022-05-27,RTO Delhi Central
233,DL02AB5915,2022-05-05,2023-03-08,RTO Delhi North
234,DL02AB6199,2023-10-01,2025-07-30,RTO Delhi Central
235,DL02AB6299,2021-03-28,2021-09-18,RTO Delhi Central
236,DL-02-AB-6334,2025-08-19,2026-11-02,RTO Delhi Central
237,DL-02-AB-6361,2023-07-11,2025-01-22,RTO Delhi Central
238,DL02AB6483,2022-12-18,2024-08-23,RTO Delhi South
239,DL02AB6544,2025-02-07,2025-04-02,RTO Delhi North
240,DL-02-AB-6547,2022-06-24,2023-07-10,RTO Delhi South
241,DL-02-AB-6551,2023-12-31,2024-03-15,RTO Delhi Central
242,DL-02-AB-6591,2021-08-14,2023-04-17,RTO Delhi North
243,DL02AB6683,2025-02-24,2026-09-15,RTO Delhi Central
244,DL02AB6704,2021-08-29,2023-02-18,RTO Delhi Central
245,DL02AB6728,2023-04-02,2024-04-17,RTO Delhi Central
246,DL-02-AB-6828,2025-04-09,2025-07-17,RTO Delhi North
247,DL02AB7146,2023-01-03,2023-02-19,RTO Delhi South
248,DL02AB7154,2021-06-01,2022-12-31,RTO Delhi Central
249,DL02AB7172,2025-03-24,2026-07-22,RTO Delhi South
250,DL02AB7224,2023-12-20,2024-02-09,RTO Delhi Central
251,DL02AB7322,2023-10-02,2024-02-15,RTO Delhi North
252,DL02AB7342,2024-01-14,2024-07-25,RTO Delhi North
253,DL02AB7361,2023-09-27,2024-06-27,RTO Delhi Central
254,DL-02-AB-7477,2021-02-27,2022-03-30,RTO Delhi South
255,DL02AB7601,2022-03-03,2023-02-03,RTO Delhi South
256,DL02AB7781,2021-11-18,2022-02-28,RTO Delhi Central
257,DL02AB7786,2021-11-05,2023-04-04,RTO Delhi North
258,DL-02-AB-7892,2024-01-19,2024-05-17,RTO Delhi South
259,DL02AB7927,2022-06-12,2023-03-12,RTO Delhi Central
260,DL02AB8131,2020-09-12,2021-02-09,RTO Delhi North
261,DL-02-AB-8136,2021-11-08,2022-06-03,RTO Delhi North
262,DL02AB8289,2025-06-16,2026-08-23,RTO Delhi South
263,DL02AB8301,2024-11-26,2026-06-02,RTO Delhi North
264,DL02AB8320,2021-02-22,2022-07-17,RTO Delhi North
265,DL02AB8373,2022-12-18,2023-08-24,RTO Delhi Central
266,DL02AB8449,2024-04-03,2026-01-20,RTO Delhi Central
267,DL02AB8643,2022-08-23,2023-08-22,RTO Delhi North
268,DL02AB8726,2025-08-22,2026-08-20,RTO Delhi South
269,DL02AB8758,2024-09-09,2025-07-17,RTO Delhi North
270,DL02AB8894,2020-09-15,2021-11-07,RTO Delhi North
271,DL02AB8958,2024-02-21,2025-09-25,RTO Delhi North
272,DL-02-AB-9080,2025-01-26,2026-06-02,RTO Delhi Central
273,DL02AB9313,2022-07-27,2023-10-18,RTO Delhi North
274,DL02AB9342,2023-06-03,2024-10-27,RTO Delhi South
275,DL-02-AB-9410,2021-05-21,2021-11-13,RTO Delhi South
276,DL02AB9476,2021-03-15,2022-09-23,RTO Delhi North
277,DL02AB9528,2023-04-13,2023-10-23,RTO Delhi North
278,DL02AB9536,2024-08-14,2025-07-23,RTO Delhi South
279,DL02AB9555,2022-06-03,2024-02-22,RTO Delhi South
280,DL02AB9769,2024-08-07,2025-11-04,RTO Delhi South
281,DL02AB9887,2023-01-30,2023-03-16,RTO Delhi Central
282,DL02AB9936,2023-08-06,2023-09-09,RTO Delhi South
283,DL02AB9973,2024-09-26,2026-04-23,RTO Delhi North
284,DL03AC0028,2025-08-05,2026-03-27,RTO Delhi Central
285,DL03AC0032,2022-03-31,2022-11-06,RTO Delhi Central
286,DL03AC0033,2022-09-13,2024-04-23,RTO Delhi Central
287,DL03AC0052,2022-12-22,2024-04-15,RTO Delhi North
288,DL-03-AC-0181,2022-08-06,2023-07-03,RTO Delhi North
289,DL03AC0232,2021-12-03,2022-07-26,RTO Delhi North
290,DL03AC0257,2022-09-10,2023-02-26,RTO Delhi North
291,DL-03-AC-0289,2023-03-30,2024-09-10,RTO Delhi South
292,DL-03-AC-0374,2025-02-04,2026-03-23,RTO Delhi North
293,DL03AC0379,2022-01-09,2023-03-07,RTO Delhi North
294,DL03AC0517,2022-12-19,2023-04-28,RTO Delhi North
295,DL03AC0585,2023-01-13,2023-12-04,RTO Delhi North
296,DL03AC0635,2022-09-17,2023-12-25,RTO Delhi South
297,DL03AC0676,2023-02-19,2024-06-20,RTO Delhi North
298,DL03AC0706,2020-12-26,2021-06-07,RTO Delhi Central
299,DL03AC0730,2024-01-12,2025-11-04,RTO Delhi North
300,DL03AC0758,2021-09-02,2022-12-13,RTO Delhi Central
301,DL03AC0861,2021-03-02,2022-05-20,RTO Delhi South
302,DL03AC0866,2024-05-03,2025-07-27,RTO Delhi Central
303,DL03AC0926,2022-05-07,2023-11-29,RTO Delhi Central
304,DL03AC0969,2025-03-10,2026-02-16,RTO Delhi Central
305,DL03AC1079,2020-10-24,2021-06-08,RTO Delhi Central
306,DL03AC1174,2023-01-06,2023-04-12,RTO Delhi Central
307,DL03AC1178,2022-12-11,2023-06-13,RTO Delhi North
308,DL03AC1299,2024-05-19,2025-03-19,RTO Delhi South
309,DL03AC1319,2022-04-16,2024-01-20,RTO Delhi Central
310,DL03AC1417,2023-08-25,2024-07-31,RTO Delhi Central
311,DL03AC1465,2021-03-18,2022-09-10,RTO Delhi South
312,DL03AC1567,2023-11-14,2023-12-31,RTO Delhi North
313,DL03AC1579,2022-05-09,2023-02-02,RTO Delhi South
314,DL03AC1632,2023-12-26,2025-02-09,RTO Delhi Central
315,DL03AC1643,2021-06-03,2022-08-22,RTO Delhi North
316,DL03AC1747,2024-07-28,2026-01-11,RTO Delhi North
317,DL03AC1798,2021-01-22,2022-10-03,RTO Delhi South
318,DL03AC1805,2023-11-28,2025-08-10,RTO Delhi South
319,DL03AC1992,2024-11-27,2025-02-09,RTO Delhi South
320,DL-03-AC-2241,2022-01-30,2023-11-18,RTO Delhi South
321,DL03AC2280,2024-04-19,2025-07-13,RTO Delhi South
322,DL03AC2431,2025-03-13,2025-06-30,RTO Delhi Central
323,DL03AC2782,2022-04-13,2023-07-28,RTO Delhi North
324,DL03AC2810,2023-07-08,2024-09-16,RTO Delhi Central
325,DL-03-AC-2946,2023-10-19,2024-11-07,RTO Delhi South
326,DL03AC2962,2023-10-07,2024-06-25,RTO Delhi North
327,DL-03-AC-3021,2025-06-01,2026-08-09,RTO Delhi South
328,DL03AC3053,2024-06-11,2026-01-21,RTO Delhi Central
329,DL03AC3086,2021-07-14,2022-12-15,RTO Delhi Central
330,DL03AC3206,2024-03-25,2025-04-15,RTO Delhi Central
331,DL03AC3405,2024-12-20,2025-04-12,RTO Delhi South
332,DL03AC3416,2024-01-16,2025-09-04,RTO Delhi Central
333,DL03AC3509,2020-11-01,2021-06-12,RTO Delhi Central
334,DL03AC3519,2024-10-23,2025-03-13,RTO Delhi North
335,DL03AC3600,2024-10-26,2026-04-08,RTO Delhi South
336,DL03AC3788,2022-02-17,2022-07-10,RTO Delhi North
337,DL03AC3819,2021-02-08,2022-07-28,RTO Delhi North
338,DL03AC3834,2021-03-09,2021-12-09,RTO Delhi Central
339,DL03AC4050,2025-05-17,2026-12-20,RTO Delhi South
340,DL03AC4164,2020-11-30,2021-10-31,RTO Delhi North
341,DL03AC4267,2021-01-29,2021-05-12,RTO Delhi North
342,DL03AC4356,2022-12-24,2023-05-07,RTO Delhi Central
343,DL03AC4586,2020-10-30,2021-07-24,RTO Delhi South
344,DL03AC4727,2022-02-17,2023-11-03,RTO Delhi South
345,DL03AC4890,2025-01-31,2026-03-30,RTO Delhi North
346,DL03AC4914,2023-10-01,2024-01-14,RTO Delhi South
347,DL03AC4920,2023-07-07,2024-10-24,RTO Delhi North
348,DL03AC4931,2022-04-30,2023-10-29,RTO Delhi Central
349,DL03AC4957,2023-10-13,2025-04-14,RTO Delhi South
350,DL-03-AC-4983,2025-06-18,2027-01-31,RTO Delhi Central
351,DL03AC5042,2022-04-03,2022-05-05,RTO Delhi Central
352,DL03AC5105,2023-03-14,2024-01-03,RTO Delhi Central
353,DL03AC5112,2023-11-18,2025-05-09,RTO Delhi Central
354,DL03AC5144,2020-09-21,2021-09-09,RTO Delhi North
355,DL03AC5203,2022-09-20,2023-12-16,RTO Delhi North
356,DL03AC5242,2022-06-17,2023-12-29,RTO Delhi South
357,DL03AC5313,2025-05-18,2027-04-07,RTO Delhi South
358,DL03AC5443,2020-11-05,2022-01-09,RTO Delhi North
359,DL03AC5485,2024-05-17,2026-02-24,RTO Delhi North
360,DL03AC5825,2022-05-23,2024-03-17,RTO Delhi South
361,DL03AC5928,2023-01-10,2024-07-26,RTO Delhi Central
362,DL03AC5995,2021-05-17,2021-12-25,RTO Delhi Central
363,DL03AC6062,2020-12-24,2021-11-08,RTO Delhi North
364,DL03AC6071,2024-01-21,2024-11-30,RTO Delhi Central
365,DL03AC6100,2022-11-05,2023-09-17,RTO Delhi South
366,DL03AC6111,2022-02-02,2022-06-08,RTO Delhi South
367,DL03AC6130,2025-04-29,2026-02-28,RTO Delhi North
368,DL03AC6158,2022-04-09,2023-12-22,RTO Delhi Central
369,DL-03-AC-6318,2025-08-21,2026-07-28,RTO Delhi North
370,DL03AC6365,2025-02-20,2026-04-27,RTO Delhi South
371,DL03AC6680,2024-08-31,2026-05-25,RTO Delhi Central
372,DL-03-AC-6685,2022-01-26,2022-10-22,RTO Delhi South
373,DL03AC6772,2025-03-06,2026-07-27,RTO Delhi Central
374,DL03AC7110,2022-04-03,2022-10-26,RTO Delhi North
375,DL03AC7235,2024-07-06,2025-08-30,RTO Delhi Central
376,DL03AC7460,2022-06-29,2022-11-02,RTO Delhi Central
377,DL03AC7535,2022-10-18,2023-04-29,RTO Delhi South
378,DL03AC7549,2025-07-27,2026-03-28,RTO Delhi Central
379,DL03AC7607,2022-09-14,2024-08-06,RTO Delhi North
380,DL03AC7653,2022-05-19,2023-04-15,RTO Delhi North
381,DL03AC7659,2022-12-07,2023-03-07,RTO Delhi North
382,DL03AC7742,2021-10-30,2022-11-21,RTO Delhi South
383,DL-03-AC-7760,2023-05-31,2024-02-26,RTO Delhi North
384,DL03AC7802,2024-08-27,2024-12-23,RTO Delhi Central
385,DL03AC7869,2021-03-18,2021-04-29,RTO Delhi North
386,DL03AC8010,2023-06-08,2023-11-08,RTO Delhi Central
387,DL03AC8016,2025-03-10,2026-09-23,RTO Delhi North
388,DL03AC8043,2021-01-23,2021-09-20,RTO Delhi North
389,DL03AC8080,2022-03-23,2023-11-17,RTO Delhi South
390,DL03AC8221,2023-12-17,2024-12-18,RTO Delhi North
391,DL03AC8361,2021-08-28,2021-12-20,RTO Delhi South
392,DL03AC8534,2021-10-23,2022-04-22,RTO Delhi Central
393,DL03AC8569,2025-08-06,2026-04-29,RTO Delhi North
394,DL03AC8657,2025-03-31,2026-03-01,RTO Delhi Central
395,DL03AC8683,2023-03-08,2024-08-03,RTO Delhi North
396,DL03AC8705,2022-09-10,2023-04-06,RTO Delhi Central
397,DL03AC8746,2023-05-11,2023-06-30,RTO Delhi South
398,DL03AC8760,2022-11-01,2023-06-29,RTO Delhi Central
399,DL03AC8785,2022-01-27,2022-10-21,RTO Delhi North
400,DL03AC8864,2022-11-11,2024-05-27,RTO Delhi Central
401,DL03AC8893,2021-01-14,2021-07-26,RTO Delhi Central
402,DL03AC8906,2023-06-07,2025-01-28,RTO Delhi North
403,DL03AC9015,2023-10-25,2025-04-17,RTO Delhi North
404,DL03AC9045,2021-12-25,2022-12-28,RTO Delhi North
405,DL03AC9154,2023-10-21,2025-07-09,RTO Delhi Central
406,DL03AC9219,2022-05-31,2022-12-05,RTO Delhi South
407,DL03AC9256,2022-07-11,2024-03-02,RTO Delhi Central
408,DL-03-AC-9389,2023-12-30,2024-09-04,RTO Delhi North
409,DL03AC9444,2023-07-25,2024-11-06,RTO Delhi North
410,DL03AC9451,2024-12-12,2025-05-04,RTO Delhi North
411,DL03AC9466,2021-12-13,2022-03-31,RTO Delhi South
412,DL03AC9571,2022-11-02,2023-08-21,RTO Delhi Central
413,DL03AC9581,2023-08-23,2023-10-13,RTO Delhi South
414,DL-03-AC-9816,2024-06-23,2026-04-28,RTO Delhi South
415,DL03AC9817,2024-01-16,2025-12-02,RTO Delhi South
416,DL03AC9831,2020-11-25,2021-03-12,RTO Delhi Central
417,DL03AC9871,2023-03-27,2024-02-21,RTO Delhi South
418,DL04AD0005,2023-06-17,2024-11-25,RTO Delhi North
419,DL04AD0007,2023-08-10,2023-10-05,RTO Delhi North
420,DL04AD0021,2023-10-24,2024-01-17,RTO Delhi Central
421,DL04AD0161,2021-07-23,2022-08-21,RTO Delhi North
422,DL04AD0162,2022-04-23,2023-04-26,RTO Delhi North
423,DL04AD0217,2025-05-19,2026-07-16,RTO Delhi South
424,DL04AD0311,2023-02-15,2024-10-02,RTO Delhi Central
425,DL04AD0340,2021-03-10,2022-09-07,RTO Delhi Central
426,DL04AD0433,2024-09-16,2025-05-18,RTO Delhi Central
427,DL-04-AD-0495,2024-03-08,2024-11-23,RTO Delhi North
428,DL04AD0512,2023-12-24,2025-11-19,RTO Delhi Central
429,DL04AD0595,2021-11-12,2023-02-07,RTO Delhi North
430,DL04AD0613,2021-07-09,2023-04-20,RTO Delhi South
431,DL04AD0647,2023-09-17,2024-04-29,RTO Delhi South
432,DL04AD0735,2025-06-26,2026-06-12,RTO Delhi South
433,DL04AD0771,2022-12-28,2023-04-30,RTO Delhi South
434,DL04AD0775,2022-01-02,2023-03-13,RTO Delhi Central
435,DL04AD0784,2021-02-10,2022-02-01,RTO Delhi Central
436,DL04AD0828,2021-03-13,2022-07-07,RTO Delhi Central
437,DL04AD0982,2024-11-30,2025-06-11,RTO Delhi Central
438,DL04AD1029,2024-08-19,2024-11-01,RTO Delhi South
439,DL04AD1091,2023-04-12,2023-08-05,RTO Delhi South
440,DL04AD1195,2023-08-16,2024-06-20,RTO Delhi South
441,DL04AD1266,2021-09-20,2022-08-29,RTO Delhi North
442,DL04AD1285,2023-11-12,2024-06-09,RTO Delhi North
443,DL04AD1300,2023-04-04,2024-07-22,RTO Delhi South
444,DL04AD1358,2022-12-25,2024-08-07,RTO Delhi Central
445,DL04AD1365,2021-07-28,2023-01-24,RTO Delhi South
446,DL04AD1385,2025-03-23,2025-10-16,RTO Delhi North
447,DL04AD1439,2022-02-26,2023-03-31,RTO Delhi Central
448,DL04AD1499,2024-11-30,2025-05-14,RTO Delhi North
449,DL04AD1566,2021-10-19,2022-02-12,RTO Delhi South
450,DL-04-AD-1571,2023-06-15,2024-12-01,RTO Delhi North
451,DL-04-AD-1635,2025-08-06,2026-01-04,RTO Delhi Central
452,DL-04-AD-1830,2025-05-18,2025-06-18,RTO Delhi South
453,DL04AD1850,2021-03-04,2021-04-09,RTO Delhi Central
454,DL04AD1890,2024-11-06,2025-03-23,RTO Delhi South
455,DL04AD1946,2023-05-02,2024-05-15,RTO Delhi Central
456,DL04AD1963,2025-07-12,2026-02-15,RTO Delhi North
457,DL04AD1979,2024-10-07,2026-02-06,RTO Delhi North
458,DL04AD2007,2025-05-12,2027-01-18,RTO Delhi Central
459,DL04AD2018,2025-07-02,2027-02-27,RTO Delhi North
460,DL04AD2087,2025-06-17,2027-01-02,RTO Delhi North
461,DL04AD2092,2022-10-07,2024-02-12,RTO Delhi South
462,DL04AD2098,2020-10-10,2021-05-11,RTO Delhi South
463,DL04AD2177,2023-01-14,2023-07-05,RTO Delhi North
464,DL04AD2271,2025-02-01,2025-04-24,RTO Delhi Central
465,DL04AD2325,2025-07-21,2026-02-20,RTO Delhi South
466,DL04AD2406,2024-04-28,2025-01-22,RTO Delhi North
467,DL04AD2411,2020-10-02,2022-01-25,RTO Delhi South
468,DL04AD2493,2024-12-17,2026-11-08,RTO Delhi Central
469,DL04AD2527,2022-04-17,2023-02-17,RTO Delhi North
470,DL04AD2530,2024-02-02,2025-07-10,RTO Delhi Central
471,DL04AD2591,2021-09-04,2022-01-08,RTO Delhi Central
472,DL04AD2662,2024-04-17,2024-09-15,RTO Delhi Central
473,DL04AD2706,2025-08-26,2027-04-19,RTO Delhi South
474,DL04AD2742,2023-09-19,2025-07-21,RTO Delhi North
475,DL04AD2780,2020-11-25,2022-05-10,RTO Delhi South
476,DL-04-AD-2816,2023-03-15,2023-11-10,RTO Delhi Central
477,DL04AD2850,2023-04-12,2023-10-29,RTO Delhi North
478,DL-04-AD-2914,2023-02-18,2024-10-06,RTO Delhi South
479,DL04AD2951,2021-02-17,2022-08-08,RTO Delhi North
480,DL04AD2953,2022-04-22,2022-11-11,RTO Delhi North
481,DL04AD3065,2021-07-12,2023-01-25,RTO Delhi North
482,DL04AD3082,2023-03-09,2024-09-05,RTO Delhi North
483,DL04AD3092,2024-05-11,2025-08-01,RTO Delhi North
484,DL04AD3289,2024-06-20,2025-04-08,RTO Delhi North
485,DL04AD3386,2024-05-19,2026-02-02,RTO Delhi North
486,DL04AD3466,2021-08-17,2023-06-20,RTO Delhi South
487,DL04AD3586,2021-03-09,2022-12-04,RTO Delhi South
488,DL04AD3681,2021-07-23,2023-04-25,RTO Delhi South
489,DL04AD3862,2022-10-19,2024-04-30,RTO Delhi Central
490,DL04AD3972,2022-12-24,2023-03-02,RTO Delhi South
491,DL04AD4099,2021-06-21,2022-11-24,RTO Delhi North
492,DL04AD4179,2024-03-15,2024-05-02,RTO Delhi North
493,DL04AD4237,2025-07-28,2027-03-24,RTO Delhi South
494,DL04AD4335,2025-04-29,2026-03-14,RTO Delhi South
495,DL04AD4362,2025-07-26,2026-07-14,RTO Delhi North
496,DL-04-AD-4438,2022-10-17,2023-09-24,RTO Delhi Central
497,DL-04-AD-4522,2024-07-17,2024-12-20,RTO Delhi South
498,DL-04-AD-4600,2022-10-16,2023-05-01,RTO Delhi Central
499,DL04AD4663,2024-07-12,2025-08-07,RTO Delhi North
500,DL04AD4664,2024-04-10,2025-09-08,RTO Delhi Central
501,DL04AD4671,2022-05-02,2023-01-29,RTO Delhi North
502,DL04AD4675,2024-02-11,2024-06-18,RTO Delhi South
503,DL04AD4687,2021-12-20,2023-04-10,RTO Delhi North
504,DL04AD4718,2022-12-04,2023-12-21,RTO Delhi North
505,DL04AD4737,2023-07-20,2023-09-02,RTO Delhi South
506,DL04AD4741,2021-06-29,2021-11-30,RTO Delhi North
507,DL04AD4760,2024-05-23,2026-04-12,RTO Delhi North
508,DL04AD4795,2023-04-22,2025-03-13,RTO Delhi South
509,DL-04-AD-4814,2021-10-18,2023-01-29,RTO Delhi North
510,DL04AD4816,2023-11-21,2024-04-17,RTO Delhi South
511,DL04AD4970,2023-12-28,2025-04-16,RTO Delhi South
512,DL04AD4973,2022-09-07,2024-03-22,RTO Delhi North
513,DL04AD4993,2023-07-30,2023-10-16,RTO Delhi Central
514,DL04AD5003,2023-08-09,2023-10-23,RTO Delhi Central
515,DL04AD5018,2025-02-22,2025-08-19,RTO Delhi South
516,DL04AD5093,2021-05-16,2021-12-24,RTO Delhi South
517,DL-04-AD-5179,2023-11-13,2024-12-02,RTO Delhi Central
518,DL04AD5325,2023-09-04,2024-10-19,RTO Delhi North
519,DL04AD5382,2020-09-21,2021-09-06,RTO Delhi North
520,DL04AD5400,2023-02-12,2023-10-15,RTO Delhi South
521,DL04AD5509,2025-01-30,2026-05-01,RTO Delhi South
522,DL04AD5614,2021-01-15,2021-10-05,RTO Delhi South
523,DL-04-AD-5683,2020-09-29,2022-03-29,RTO Delhi Central
524,DL04AD5697,2023-09-16,2024-07-30,RTO Delhi South
525,DL04AD5720,2025-04-27,2026-09-12,RTO Delhi North
526,DL04AD5774,2023-04-12,2024-08-28,RTO Delhi Central
527,DL04AD5838,2022-09-09,2022-10-14,RTO Delhi Central
528,DL04AD5954,2023-05-18,2025-03-28,RTO Delhi South
529,DL04AD5976,2021-06-06,2021-11-29,RTO Delhi North
530,DL04AD5992,2023-07-04,2025-02-26,RTO Delhi North
531,DL04AD6048,2023-10-28,2024-04-15,RTO Delhi South
532,DL04AD6208,2022-08-17,2023-09-18,RTO Delhi South
533,DL-04-AD-6211,2023-07-20,2024-11-22,RTO Delhi North
534,DL04AD6241,2025-03-10,2026-10-11,RTO Delhi Central
535,DL04AD6265,2024-09-23,2025-08-04,RTO Delhi North
536,DL04AD6347,2021-04-29,2022-10-13,RTO Delhi North
537,DL04AD6421,2022-06-25,2023-07-29,RTO Delhi South
538,DL04AD6434,2020-12-15,2021-06-03,RTO Delhi South
539,DL04AD6458,2022-08-17,2024-05-01,RTO Delhi Central
540,DL04AD6463,2022-04-11,2022-09-27,RTO Delhi North
541,DL04AD6471,2022-02-21,2022-09-07,RTO Delhi North
542,DL04AD6500,2021-12-26,2022-04-20,RTO Delhi North
543,DL04AD6509,2021-10-02,2023-03-27,RTO Delhi North
544,DL04AD6517,2021-10-13,2023-08-06,RTO Delhi Central
545,DL-04-AD-6559,2025-08-16,2025-09-24,RTO Delhi North
546,DL04AD6585,2023-03-20,2024-07-28,RTO Delhi Central
547,DL04AD6655,2024-08-18,2026-02-08,RTO Delhi North
548,DL04AD6930,2025-05-02,2026-10-22,RTO Delhi South
549,DL04AD7056,2024-03-30,2024-10-29,RTO Delhi North
550,DL04AD7072,2025-02-14,2026-07-15,RTO Delhi Central
551,DL04AD7093,2022-03-18,2024-01-22,RTO Delhi North
552,DL04AD7196,2023-03-04,2024-02-13,RTO Delhi North
553,DL04AD7268,2020-10-13,2021-12-28,RTO Delhi North
554,DL04AD7353,2023-01-07,2024-02-11,RTO Delhi Central
555,DL04AD7388,2022-11-18,2024-07-16,RTO Delhi North
556,DL04AD7450,2022-09-29,2024-08-25,RTO Delhi Central
557,DL04AD7512,2024-04-21,2024-10-05,RTO Delhi Central
558,DL-04-AD-7606,2024-10-20,2026-07-26,RTO Delhi Central
559,DL04AD7667,2024-08-07,2025-02-24,RTO Delhi North
560,DL04AD7700,2024-05-28,2025-03-26,RTO Delhi North
561,DL04AD7752,2025-06-23,2027-03-25,RTO Delhi North
562,DL04AD7762,2025-05-14,2025-09-11,RTO Delhi North
563,DL04AD7777,2022-02-24,2022-12-20,RTO Delhi South
564,DL04AD7828,2024-06-28,2025-04-21,RTO Delhi South
565,DL04AD7930,2022-12-31,2023-08-18,RTO Delhi Central
566,DL04AD8175,2025-02-14,2026-11-02,RTO Delhi South
567,DL04AD8254,2022-04-23,2023-08-09,RTO Delhi Central
568,DL04AD8290,2023-10-19,2025-06-15,RTO Delhi North
569,DL04AD8427,2022-03-04,2023-10-02,RTO Delhi South
570,DL04AD8452,2022-07-20,2023-02-08,RTO Delhi North
571,DL04AD8469,2023-03-25,2025-02-17,RTO Delhi South
572,DL04AD8566,2021-02-16,2022-03-18,RTO Delhi South
573,DL04AD8680,2021-01-23,2021-07-09,RTO Delhi North
574,DL04AD8684,2023-10-20,2025-03-24,RTO Delhi North
575,DL04AD8696,2021-08-25,2021-12-21,RTO Delhi North
576,DL04AD8752,2022-07-25,2022-11-08,RTO Delhi South
577,DL04AD8780,2022-07-29,2023-02-01,RTO Delhi Central
578,DL04AD8829,2022-06-10,2024-04-02,RTO Delhi South
579,DL04AD8890,2022-04-10,2024-01-24,RTO Delhi South
580,DL04AD8974,2024-04-08,2025-11-15,RTO Delhi South
581,DL04AD9117,2020-10-13,2021-11-07,RTO Delhi South
582,DL04AD9132,2022-01-24,2022-07-11,RTO Delhi North
583,DL04AD9139,2023-05-05,2023-06-15,RTO Delhi North
584,DL04AD9210,2022-12-23,2023-06-28,RTO Delhi South
585,DL04AD9240,2021-02-21,2022-01-16,RTO Delhi North
586,DL04AD9251,2024-04-22,2025-12-16,RTO Delhi South
587,DL04AD9321,2024-06-23,2026-03-15,RTO Delhi North
588,DL04AD9363,2025-05-04,2026-08-26,RTO Delhi North
589,DL04AD9446,2025-07-29,2027-06-07,RTO Delhi North
590,DL04AD9529,2023-09-26,2025-06-30,RTO Delhi Central
591,DL04AD9599,2024-11-11,2025-09-28,RTO Delhi South
592,DL04AD9608,2022-02-14,2023-12-19,RTO Delhi South
593,DL04AD9618,2024-05-29,2025-10-13,RTO Delhi South
594,DL04AD9651,2025-03-31,2026-11-11,RTO Delhi North
595,DL-04-AD-9824,2023-05-04,2024-10-01,RTO Delhi Central
596,DL04AD9829,2023-11-06,2025-06-17,RTO Delhi Central
597,DL04AD9857,2023-08-16,2025-04-20,RTO Delhi North
598,DL04AD9893,2022-01-24,2023-02-28,RTO Delhi Central
599,DL05AE0001,2022-10-09,2023-11-11,RTO Delhi South
600,DL-05-AE-0026,2023-03-02,2023-05-04,RTO Delhi Central
601,DL-05-AE-0135,2023-01-26,2024-05-03,RTO Delhi Central
602,DL05AE0189,2023-04-16,2023-09-06,RTO Delhi Central
603,DL05AE0306,2021-03-13,2021-10-31,RTO Delhi North
604,DL05AE0319,2021-04-25,2022-06-02,RTO Delhi South
605,DL05AE0404,2022-12-19,2023-12-20,RTO Delhi North
606,DL-05-AE-0492,2021-11-14,2023-05-14,RTO Delhi South
607,DL05AE0538,2021-11-16,2022-11-13,RTO Delhi South
608,DL05AE0687,2025-08-19,2026-03-29,RTO Delhi North
609,DL05AE0730,2022-03-20,2023-12-26,RTO Delhi South
610,DL05AE0768,2021-05-12,2021-11-22,RTO Delhi Central
611,DL05AE0857,2020-11-05,2022-04-02,RTO Delhi Central
612,DL05AE0888,2022-08-06,2022-10-12,RTO Delhi South
613,DL05AE1104,2025-06-19,2026-10-14,RTO Delhi South
614,DL-05-AE-1114,2024-01-09,2025-11-08,RTO Delhi Central
615,DL05AE1145,2022-02-11,2023-09-19,RTO Delhi South
616,DL05AE1180,2024-03-03,2025-02-07,RTO Delhi North
617,DL05AE1224,2022-08-03,2022-12-11,RTO Delhi Central
618,DL05AE1245,2023-12-22,2024-09-19,RTO Delhi North
619,DL05AE1347,2021-06-20,2022-01-30,RTO Delhi North
620,DL05AE1359,2024-07-28,2025-12-10,RTO Delhi North
621,DL05AE1441,2024-08-18,2026-02-18,RTO Delhi Central
622,DL05AE1467,2023-01-15,2023-12-16,RTO Delhi Central
623,DL05AE1505,2024-07-18,2026-06-07,RTO Delhi North
624,DL05AE1588,2025-03-03,2025-08-06,RTO Delhi North
625,DL05AE1704,2024-06-19,2025-09-17,RTO Delhi North
626,DL05AE1904,2024-04-27,2026-02-04,RTO Delhi South
627,DL05AE2081,2021-10-09,2023-05-02,RTO Delhi South
628,DL05AE2176,2021-08-17,2021-11-09,RTO Delhi Central
629,DL05AE2237,2022-02-25,2022-08-18,RTO Delhi South
630,DL05AE2245,2021-02-08,2022-02-04,RTO Delhi Central
631,DL05AE2247,2024-09-20,2025-01-13,RTO Delhi North
632,DL05AE2372,2023-05-01,2023-08-12,RTO Delhi South
633,DL05AE2487,2020-12-30,2021-06-21,RTO Delhi North
634,DL05AE2504,2021-07-15,2022-04-10,RTO Delhi South
635,DL-05-AE-2516,2023-04-28,2023-11-20,RTO Delhi South
636,DL05AE2600,2021-08-18,2023-04-19,RTO Delhi South
637,DL05AE2753,2024-11-22,2025-03-25,RTO Delhi Central
638,DL05AE2823,2023-08-20,2025-05-21,RTO Delhi Central
639,DL05AE2840,2020-10-30,2022-07-03,RTO Delhi South
640,DL05AE2906,2024-11-29,2025-12-15,RTO Delhi Central
641,DL05AE2992,2021-07-29,2022-08-02,RTO Delhi North
642,DL-05-AE-3025,2023-02-19,2024-11-18,RTO Delhi Central
643,DL05AE3065,2022-03-14,2023-11-13,RTO Delhi North
644,DL-05-AE-3228,2022-11-04,2024-09-22,RTO Delhi Central
645,DL05AE3279,2023-02-15,2024-07-04,RTO Delhi North
646,DL05AE3309,2025-04-27,2026-09-13,RTO Delhi North
647,DL-05-AE-3357,2022-10-20,2023-07-27,RTO Delhi North
648,DL05AE3369,2020-12-17,2021-06-08,RTO Delhi North
649,DL05AE3404,2024-02-25,2024-04-08,RTO Delhi North
650,DL05AE3515,2024-06-16,2026-04-21,RTO Delhi South
651,DL05AE3540,2023-01-23,2023-04-25,RTO Delhi Central
652,DL05AE3573,2021-01-10,2022-11-09,RTO Delhi South
653,DL05AE3687,2020-10-02,2021-12-27,RTO Delhi South
654,DL05AE3719,2021-02-15,2022-07-09,RTO Delhi South
655,DL05AE3933,2020-12-22,2021-05-10,RTO Delhi North
656,DL05AE4020,2025-05-17,2027-01-24,RTO Delhi Central
657,DL05AE4057,2025-08-19,2027-05-01,RTO Delhi Central
658,DL05AE4092,2025-06-17,2026-07-18,RTO Delhi North
659,DL05AE4118,2023-10-09,2024-04-01,RTO Delhi Central
660,DL05AE4236,2024-07-20,2025-08-14,RTO Delhi Central
661,DL05AE4313,2025-03-23,2025-08-25,RTO Delhi Central
662,DL05AE4375,2021-01-01,2021-09-07,RTO Delhi North
663,DL05AE4396,2021-01-28,2021-05-10,RTO Delhi North
664,DL05AE4473,2024-04-01,2025-09-22,RTO Delhi South
665,DL05AE4548,2022-03-30,2022-07-07,RTO Delhi Central
666,DL05AE4587,2023-11-08,2025-08-31,RTO Delhi Central
667,DL05AE4597,2022-08-29,2024-06-17,RTO Delhi South
668,DL05AE4608,2022-03-07,2022-04-10,RTO Delhi North
669,DL05AE4657,2024-12-04,2025-10-29,RTO Delhi Central
670,DL05AE4725,2021-05-17,2021-08-17,RTO Delhi North
671,DL05AE4942,2021-08-23,2023-02-24,RTO Delhi South
672,DL05AE5056,2022-09-02,2023-03-22,RTO Delhi Central
673,DL05AE5082,2023-10-01,2024-07-25,RTO Delhi Central
674,DL05AE5236,2022-09-06,2024-06-16,RTO Delhi South
675,DL05AE5293,2024-08-18,2025-09-17,RTO Delhi South
676,DL05AE5309,2021-01-04,2022-01-16,RTO Delhi South
677,DL-05-AE-5508,2024-04-12,2025-12-17,RTO Delhi South
678,DL05AE5607,2020-12-27,2022-10-25,RTO Delhi Central
679,DL05AE5745,2024-06-25,2025-06-26,RTO Delhi North
680,DL05AE5830,2021-03-14,2022-10-22,RTO Delhi North
681,DL05AE5870,2021-05-04,2022-07-03,RTO Delhi North
682,DL05AE6025,2020-12-04,2022-01-26,RTO Delhi North
683,DL05AE6105,2022-12-26,2023-11-20,RTO Delhi South
684,DL-05-AE-6112,2023-03-20,2023-12-19,RTO Delhi South
685,DL-05-AE-6179,2023-07-23,2024-11-14,RTO Delhi North
686,DL05AE6357,2023-01-19,2023-04-28,RTO Delhi North
687,DL05AE6438,2021-09-20,2022-05-12,RTO Delhi Central
688,DL05AE6507,2020-09-11,2022-05-30,RTO Delhi South
689,DL05AE6566,2021-05-03,2022-10-20,RTO Delhi South
690,DL05AE6898,2021-04-11,2023-02-07,RTO Delhi Central
691,DL05AE6984,2025-02-23,2026-02-12,RTO Delhi North
692,DL05AE7049,2021-09-18,2022-06-26,RTO Delhi South
693,DL05AE7052,2022-06-02,2023-03-02,RTO Delhi Central
694,DL05AE7301,2023-04-03,2024-08-02,RTO Delhi North
695,DL05AE7400,2025-06-22,2026-02-28,RTO Delhi Central
696,DL05AE7419,2020-12-13,2022-08-27,RTO Delhi Central
697,DL05AE7447,2025-02-21,2025-08-30,RTO Delhi South
698,DL05AE7472,2022-10-25,2024-03-23,RTO Delhi South
699,DL05AE7576,2025-05-01,2026-09-22,RTO Delhi Central
700,DL05AE7739,2020-12-10,2021-12-22,RTO Delhi Central
701,DL05AE7795,2025-09-08,2027-03-17,RTO Delhi South
702,DL05AE7819,2024-08-27,2025-05-03,RTO Delhi Central
703,DL05AE7823,2024-02-26,2025-04-24,RTO Delhi Central
704,DL05AE7942,2023-03-03,2024-04-03,RTO Delhi Central
705,DL05AE7953,2024-04-04,2025-02-02,RTO Delhi South
706,DL05AE8311,2025-01-04,2026-03-03,RTO Delhi Central
707,DL05AE8351,2023-08-27,2025-05-16,RTO Delhi North
708,DL05AE8368,2021-08-29,2022-11-23,RTO Delhi North
709,DL05AE8393,2023-02-24,2023-04-16,RTO Delhi North
710,DL05AE8434,2024-12-02,2025-01-24,RTO Delhi South
711,DL05AE8520,2022-08-21,2023-07-01,RTO Delhi North
712,DL05AE8571,2021-02-17,2021-11-18,RTO Delhi South
713,DL05AE8629,2022-11-27,2024-05-14,RTO Delhi North
714,DL05AE8689,2023-03-10,2023-06-04,RTO Delhi South
715,DL05AE8944,2022-07-24,2022-09-08,RTO Delhi South
716,DL05AE9009,2023-04-09,2023-07-25,RTO Delhi North
717,DL05AE9131,2024-10-23,2025-06-18,RTO Delhi North
718,DL05AE9192,2024-01-24,2024-09-19,RTO Delhi North
719,DL05AE9441,2022-10-21,2023-01-11,RTO Delhi North
720,DL05AE9615,2022-09-01,2024-04-17,RTO Delhi North
721,DL05AE9672,2025-09-06,2026-08-11,RTO Delhi North
722,DL05AE9674,2024-09-14,2026-06-01,RTO Delhi North
723,DL05AE9689,2025-03-07,2026-06-15,RTO Delhi North
724,DL05AE9692,2021-08-10,2022-02-01,RTO Delhi Central
725,DL05AE9695,2021-12-01,2022-04-17,RTO Delhi North
726,DL05AE9735,2023-04-18,2024-12-03,RTO Delhi South
727,DL05AE9797,2020-10-07,2021-01-28,RTO Delhi North
728,DL05AE9808,2022-07-30,2024-04-23,RTO Delhi North
729,DL05AE9823,2023-12-04,2025-01-11,RTO Delhi South
730,DL05AE9856,2020-10-12,2022-05-16,RTO Delhi South
731,DL05AE9857,2023-01-09,2023-04-08,RTO Delhi South
732,DL05AE9941,2022-06-03,2022-09-15,RTO Delhi South
733,DL05AE9968,2022-01-18,2023-09-20,RTO Delhi North
734,DL05AE9986,2021-01-03,2021-02-27,RTO Delhi North
735,DL06AF0019,2022-05-20,2023-05-17,RTO Delhi South
736,DL06AF0140,2024-01-25,2024-03-28,RTO Delhi North
737,DL-06-AF-0196,2024-09-14,2026-02-09,RTO Delhi South
738,DL06AF0205,2024-07-03,2025-09-02,RTO Delhi North
739,DL06AF0277,2023-02-26,2024-12-09,RTO Delhi South
740,DL06AF0328,2021-11-05,2023-06-15,RTO Delhi North
741,DL06AF0422,2023-07-14,2024-06-11,RTO Delhi North
742,DL06AF0432,2022-07-24,2022-08-24,RTO Delhi South
743,DL06AF0488,2024-03-12,2025-07-05,RTO Delhi North
744,DL06AF0604,2021-06-21,2021-12-03,RTO Delhi North
745,DL06AF0940,2020-12-01,2022-09-09,RTO Delhi North
746,DL06AF0968,2023-09-25,2025-02-02,RTO Delhi South
747,DL06AF1049,2023-08-19,2024-07-18,RTO Delhi North
748,DL-06-AF-1116,2024-03-06,2025-07-02,RTO Delhi Central
749,DL06AF1173,2023-01-13,2024-11-27,RTO Delhi North
750,DL06AF1645,2024-06-23,2026-03-10,RTO Delhi North
751,DL06AF1717,2022-04-17,2023-03-20,RTO Delhi South
752,DL06AF1856,2022-05-01,2023-11-28,RTO Delhi Central
753,DL06AF1876,2023-10-18,2025-04-08,RTO Delhi North
754,DL-06-AF-1879,2023-01-23,2024-08-31,RTO Delhi Central
755,DL06AF1990,2023-12-28,2025-11-24,RTO Delhi North
756,DL-06-AF-2089,2024-10-01,2025-12-06,RTO Delhi North
757,DL06AF2098,2024-01-22,2024-08-27,RTO Delhi South
758,DL06AF2227,2022-09-29,2023-02-01,RTO Delhi Central
759,DL06AF2296,2025-08-17,2025-11-28,RTO Delhi South
760,DL-06-AF-2350,2022-05-13,2023-06-04,RTO Delhi South
761,DL06AF2383,2024-11-19,2025-04-17,RTO Delhi South
762,DL06AF2386,2021-07-04,2022-03-19,RTO Delhi North
763,DL06AF2488,2021-08-01,2023-03-07,RTO Delhi Central
764,DL06AF2521,2021-10-05,2022-01-26,RTO Delhi Central
765,DL06AF2565,2022-10-11,2022-12-23,RTO Delhi South
766,DL06AF2581,2023-09-12,2025-01-07,RTO Delhi North
767,DL06AF2743,2023-03-16,2023-08-06,RTO Delhi South
768,DL06AF2757,2021-09-02,2022-03-24,RTO Delhi North
769,DL06AF2772,2023-02-15,2024-04-04,RTO Delhi North
770,DL06AF2923,2025-01-25,2026-02-14,RTO Delhi South
771,DL06AF2976,2023-10-29,2025-05-01,RTO Delhi Central
772,DL-06-AF-2994,2023-09-27,2024-05-05,RTO Delhi South
773,DL06AF3005,2024-11-08,2025-01-08,RTO Delhi North
774,DL06AF3225,2025-08-12,2027-06-22,RTO Delhi Central
775,DL06AF3264,2025-08-08,2026-05-21,RTO Delhi North
776,DL06AF3269,2021-02-20,2022-06-30,RTO Delhi North
777,DL-06-AF-3271,2023-04-19,2023-09-20,RTO Delhi South
778,DL06AF3354,2021-01-30,2021-03-12,RTO Delhi South
779,DL06AF3424,2022-12-22,2023-08-29,RTO Delhi North
780,DL-06-AF-3476,2024-08-05,2025-05-18,RTO Delhi Central
781,DL06AF3516,2021-07-18,2022-08-12,RTO Delhi Central
782,DL06AF3523,2025-07-05,2025-08-04,RTO Delhi South
783,DL06AF3528,2023-12-18,2024-10-14,RTO Delhi South
784,DL06AF3545,2023-04-09,2023-08-07,RTO Delhi North
785,DL06AF3736,2023-12-12,2024-08-30,RTO Delhi South
786,DL06AF3841,2023-08-15,2024-02-02,RTO Delhi Central
787,DL06AF3883,2023-03-10,2023-08-03,RTO Delhi North
788,DL06AF3955,2024-11-27,2026-03-25,RTO Delhi Central
789,DL06AF3964,2023-03-18,2024-09-13,RTO Delhi South
790,DL06AF4008,2022-10-01,2022-11-10,RTO Delhi North
791,DL06AF4040,2024-04-02,2024-06-23,RTO Delhi Central
792,DL06AF4165,2022-04-02,2022-10-23,RTO Delhi North
793,DL06AF4321,2023-08-19,2024-07-06,RTO Delhi South
794,DL06AF4377,2025-05-22,2026-07-12,RTO Delhi Central
795,DL06AF4387,2022-05-14,2023-08-02,RTO Delhi South
796,DL06AF4459,2024-02-17,2025-12-20,RTO Delhi Central
797,DL06AF4460,2022-02-04,2023-05-23,RTO Delhi South
798,DL06AF4496,2023-01-14,2024-08-13,RTO Delhi Central
799,DL06AF4548,2021-01-29,2022-06-17,RTO Delhi North
800,DL06AF4921,2023-07-23,2023-09-13,RTO Delhi North
801,DL06AF4935,2021-12-14,2023-06-11,RTO Delhi North
802,DL06AF4948,2021-03-28,2022-03-16,RTO Delhi South
803,DL06AF4987,2020-11-08,2021-12-22,RTO Delhi Central
804,DL06AF5057,2024-08-31,2024-12-12,RTO Delhi Central
805,DL06AF5069,2025-01-01,2026-11-20,RTO Delhi North
806,DL06AF5108,2022-06-22,2023-07-05,RTO Delhi South
807,DL06AF5255,2022-12-22,2023-08-25,RTO Delhi Central
808,DL06AF5296,2022-04-16,2023-10-31,RTO Delhi Central
809,DL06AF5302,2023-02-26,2024-05-22,RTO Delhi North
810,DL-06-AF-5333,2024-11-21,2026-08-31,RTO Delhi South
811,DL06AF5392,2023-03-23,2023-08-26,RTO Delhi Central
812,DL06AF5444,2024-05-29,2024-12-26,RTO Delhi Central
813,DL06AF5461,2024-01-21,2025-04-24,RTO Delhi South
814,DL06AF5518,2023-11-10,2025-05-25,RTO Delhi Central
815,DL06AF5519,2021-10-30,2022-11-01,RTO Delhi North
816,DL06AF5615,2023-07-24,2024-09-30,RTO Delhi North
817,DL06AF5723,2022-10-21,2024-01-25,RTO Delhi North
818,DL06AF5724,2024-02-16,2024-07-08,RTO Delhi North
819,DL06AF5771,2021-10-05,2022-08-19,RTO Delhi Central
820,DL06AF5933,2023-04-15,2024-04-25,RTO Delhi South
821,DL-06-AF-6057,2025-01-11,2026-07-18,RTO Delhi North
822,DL06AF6148,2022-02-03,2022-04-12,RTO Delhi North
823,DL06AF6155,2021-07-23,2022-05-08,RTO Delhi South
824,DL06AF6179,2023-01-19,2023-10-13,RTO Delhi South
825,DL06AF6207,2021-01-21,2022-04-18,RTO Delhi Central
826,DL06AF6333,2023-04-24,2025-03-15,RTO Delhi Central
827,DL06AF6346,2022-08-15,2023-08-11,RTO Delhi South
828,DL06AF6450,2022-03-18,2024-01-31,RTO Delhi North
829,DL06AF6498,2022-06-18,2024-01-21,RTO Delhi Central
830,DL06AF6531,2022-08-08,2023-04-27,RTO Delhi South
831,DL06AF6626,2021-08-07,2023-02-21,RTO Delhi South
832,DL06AF6822,2023-09-01,2025-02-28,RTO Delhi North
833,DL-06-AF-6881,2023-01-11,2024-01-09,RTO Delhi North
834,DL06AF6959,2024-08-15,2024-10-09,RTO Delhi South
835,DL06AF6985,2021-07-01,2023-05-13,RTO Delhi South
836,DL06AF7080,2020-09-15,2021-07-30,RTO Delhi North
837,DL06AF7091,2023-04-26,2024-12-15,RTO Delhi South
838,DL06AF7125,2023-02-20,2023-10-31,RTO Delhi North
839,DL06AF7132,2020-11-12,2022-10-02,RTO Delhi South
840,DL06AF7154,2023-08-04,2023-10-22,RTO Delhi Central
841,DL06AF7199,2022-11-02,2023-03-20,RTO Delhi Central
842,DL06AF7377,2023-09-05,2024-01-26,RTO Delhi South
843,DL06AF7422,2025-01-04,2026-07-14,RTO Delhi South
844,DL06AF7424,2022-09-25,2024-01-05,RTO Delhi North
845,DL06AF7433,2021-02-23,2022-03-17,RTO Delhi South
846,DL06AF7560,2022-08-25,2023-12-22,RTO Delhi South
847,DL06AF7654,2020-12-06,2022-03-29,RTO Delhi Central
848,DL-06-AF-7711,2023-05-23,2024-12-25,RTO Delhi North
849,DL-06-AF-7733,2023-11-28,2024-06-25,RTO Delhi Central
850,DL06AF7779,2024-09-07,2025-07-27,RTO Delhi Central
851,DL06AF7898,2022-04-09,2022-10-26,RTO Delhi South
852,DL06AF7905,2022-06-30,2022-08-27,RTO Delhi North
853,DL-06-AF-7912,2021-08-02,2023-05-08,RTO Delhi South
854,DL06AF7939,2025-04-04,2026-09-06,RTO Delhi South
855,DL06AF7954,2024-06-23,2025-01-04,RTO Delhi North
856,DL06AF7963,2023-05-22,2024-05-24,RTO Delhi South
857,DL06AF8008,2020-10-29,2021-04-09,RTO Delhi South
858,DL06AF8028,2021-12-12,2022-07-23,RTO Delhi Central
859,DL06AF8082,2024-02-18,2024-03-29,RTO Delhi North
860,DL06AF8153,2025-08-12,2025-10-19,RTO Delhi Central
861,DL06AF8446,2021-10-16,2023-01-06,RTO Delhi South
862,DL06AF8529,2025-05-03,2026-12-02,RTO Delhi Central
863,DL06AF8743,2020-12-21,2021-03-02,RTO Delhi North
864,DL-06-AF-8800,2023-12-05,2025-11-01,RTO Delhi North
865,DL06AF8878,2022-03-25,2023-10-05,RTO Delhi Central
866,DL06AF8991,2022-07-10,2023-05-02,RTO Delhi North
867,DL06AF9048,2023-10-09,2025-08-16,RTO Delhi Central
868,DL-06-AF-9049,2020-11-06,2021-09-05,RTO Delhi Central
869,DL06AF9087,2020-10-12,2021-02-13,RTO Delhi Central
870,DL06AF9177,2025-01-01,2026-01-28,RTO Delhi North
871,DL06AF9429,2024-06-01,2024-07-13,RTO Delhi North
872,DL06AF9459,2022-07-12,2023-06-01,RTO Delhi South
873,DL06AF9470,2022-08-20,2023-01-14,RTO Delhi South
874,DL06AF9473,2020-09-12,2022-08-04,RTO Delhi North
875,DL06AF9510,2025-04-26,2025-07-24,RTO Delhi North
876,DL06AF9598,2021-10-29,2023-04-01,RTO Delhi Central
877,DL06AF9609,2024-06-14,2025-08-31,RTO Delhi South
878,DL06AF9614,2025-08-12,2026-11-18,RTO Delhi Central
879,DL-06-AF-9638,2020-12-08,2022-01-01,RTO Delhi South
880,DL06AF9682,2023-10-26,2025-04-21,RTO Delhi North
881,DL-06-AF-9692,2022-11-11,2023-02-14,RTO Delhi North
882,DL06AF9829,2024-03-25,2026-02-06,RTO Delhi Central
883,DL06AF9871,2023-06-24,2024-03-08,RTO Delhi South
884,DL06AF9878,2023-06-23,2024-11-14,RTO Delhi South
885,DL06AF9890,2023-11-10,2024-06-04,RTO Delhi South
886,DL06AF9929,2023-06-23,2023-09-23,RTO Delhi South
887,DL07AG0068,2024-09-25,2025-05-08,RTO Delhi North
888,DL07AG0142,2022-04-20,2022-07-06,RTO Delhi Central
889,DL07AG0217,2023-10-16,2024-06-15,RTO Delhi Central
890,DL07AG0236,2025-06-26,2027-03-28,RTO Delhi Central
891,DL07AG0258,2020-12-25,2021-07-18,RTO Delhi North
892,DL07AG0332,2023-12-05,2024-08-27,RTO Delhi Central
893,DL07AG0443,2021-10-21,2023-01-25,RTO Delhi South
894,DL07AG0482,2025-02-23,2026-01-27,RTO Delhi Central
895,DL07AG0515,2021-05-07,2023-03-31,RTO Delhi North
896,DL07AG0552,2021-02-09,2022-10-11,RTO Delhi Central
897,DL-07-AG-0589,2024-07-25,2025-02-23,RTO Delhi Central
898,DL07AG0637,2022-08-10,2024-04-21,RTO Delhi South
899,DL-07-AG-0852,2024-11-30,2025-06-05,RTO Delhi North
900,DL07AG0889,2025-08-06,2026-11-18,RTO Delhi North
901,DL07AG0901,2022-02-20,2023-08-14,RTO Delhi North
902,DL07AG0910,2022-11-27,2024-01-18,RTO Delhi Central
903,DL07AG0931,2024-10-17,2026-03-13,RTO Delhi North
904,DL07AG0946,2022-10-12,2023-04-12,RTO Delhi South
905,DL07AG0952,2022-03-05,2022-08-15,RTO Delhi South
906,DL-07-AG-0981,2024-01-11,2025-06-25,RTO Delhi North
907,DL07AG1069,2024-05-03,2025-01-04,RTO Delhi Central
908,DL07AG1213,2024-09-24,2026-06-29,RTO Delhi North
909,DL07AG1261,2023-02-03,2024-01-18,RTO Delhi Central
910,DL-07-AG-1348,2021-11-21,2022-08-14,RTO Delhi Central
911,DL07AG1385,2025-05-10,2027-03-16,RTO Delhi North
912,DL07AG1433,2022-04-20,2023-01-02,RTO Delhi South
913,DL07AG1524,2022-02-18,2023-11-06,RTO Delhi South
914,DL07AG1537,2024-07-22,2025-02-01,RTO Delhi South
915,DL07AG1592,2022-08-19,2023-01-10,RTO Delhi Central
916,DL07AG1605,2023-05-09,2023-12-06,RTO Delhi North
917,DL07AG1644,2020-10-15,2022-03-12,RTO Delhi Central
918,DL07AG1669,2023-02-23,2023-07-20,RTO Delhi North
919,DL07AG1694,2023-12-06,2025-05-04,RTO Delhi Central
920,DL07AG1797,2025-02-01,2025-05-14,RTO Delhi North
921,DL07AG1894,2024-04-26,2025-09-17,RTO Delhi North
922,DL-07-AG-1953,2021-03-11,2021-07-16,RTO Delhi Central
923,DL07AG1993,2024-08-10,2026-02-12,RTO Delhi South
924,DL07AG2021,2024-05-04,2026-01-28,RTO Delhi North
925,DL-07-AG-2031,2023-04-26,2024-06-18,RTO Delhi South
926,DL07AG2070,2024-09-02,2025-11-12,RTO Delhi North
927,DL07AG2216,2022-09-25,2024-07-14,RTO Delhi North
928,DL07AG2277,2022-05-23,2023-08-27,RTO Delhi South
929,DL07AG2296,2023-09-29,2024-12-01,RTO Delhi Central
930,DL-07-AG-2402,2024-09-28,2026-02-03,RTO Delhi North
931,DL07AG2493,2025-09-02,2026-08-02,RTO Delhi North
932,DL07AG2518,2021-06-23,2022-01-13,RTO Delhi Central
933,DL07AG2616,2023-05-16,2024-07-15,RTO Delhi North
934,DL07AG2746,2021-04-10,2022-12-17,RTO Delhi Central
935,DL07AG3092,2022-03-19,2023-06-11,RTO Delhi Central
936,DL07AG3156,2020-10-28,2021-09-29,RTO Delhi North
937,DL07AG3242,2024-12-19,2025-11-01,RTO Delhi Central
938,DL07AG3335,2025-03-28,2026-01-22,RTO Delhi Central
939,DL-07-AG-3372,2025-05-14,2025-06-19,RTO Delhi Central
940,DL07AG3464,2021-03-29,2021-11-25,RTO Delhi Central
941,DL07AG3483,2021-10-24,2022-01-23,RTO Delhi South
942,DL07AG3517,2021-02-27,2021-09-16,RTO Delhi South
943,DL07AG3532,2022-03-09,2023-06-16,RTO Delhi Central
944,DL07AG3624,2021-02-13,2022-11-19,RTO Delhi South
945,DL07AG3653,2020-09-03,2022-07-17,RTO Delhi South
946,DL07AG3654,2024-11-21,2026-02-07,RTO Delhi South
947,DL07AG3699,2021-12-06,2022-06-19,RTO Delhi South
948,DL07AG3788,2024-07-30,2025-01-30,RTO Delhi North
949,DL07AG3904,2022-02-27,2024-01-07,RTO Delhi North
950,DL-07-AG-3956,2021-01-29,2022-01-21,RTO Delhi South
951,DL07AG3993,2024-02-04,2025-07-04,RTO Delhi South
952,DL07AG4032,2023-12-24,2025-05-11,RTO Delhi North
953,DL07AG4038,2025-03-22,2025-12-14,RTO Delhi South
954,DL07AG4042,2021-06-28,2021-09-03,RTO Delhi South
955,DL07AG4178,2023-01-29,2024-12-06,RTO Delhi South
956,DL07AG4251,2022-07-09,2023-04-22,RTO Delhi South
957,DL07AG4332,2023-09-09,2024-02-26,RTO Delhi North
958,DL07AG4340,2023-05-19,2024-11-07,RTO Delhi South
959,DL07AG4451,2022-01-16,2023-08-08,RTO Delhi North
960,DL07AG4454,2021-10-27,2022-07-02,RTO Delhi South
961,DL07AG4569,2022-08-12,2024-01-12,RTO Delhi North
962,DL07AG4686,2024-06-01,2025-09-27,RTO Delhi Central
963,DL07AG4722,2025-04-15,2025-05-15,RTO Delhi North
964,DL-07-AG-4789,2024-11-27,2026-01-14,RTO Delhi South
965,DL07AG4799,2021-10-27,2022-05-21,RTO Delhi North
966,DL07AG4923,2021-10-10,2022-04-26,RTO Delhi North
967,DL07AG4942,2023-05-18,2024-07-24,RTO Delhi Central
968,DL07AG5107,2022-07-20,2023-07-11,RTO Delhi South
969,DL07AG5230,2024-02-29,2024-09-28,RTO Delhi Central
970,DL07AG5323,2022-04-19,2023-01-15,RTO Delhi North
971,DL07AG5338,2025-01-20,2025-09-11,RTO Delhi South
972,DL-07-AG-5435,2022-05-04,2023-02-23,RTO Delhi South
973,DL07AG5597,2024-06-16,2024-12-05,RTO Delhi North
974,DL07AG5612,2021-09-19,2022-04-23,RTO Delhi North
975,DL07AG5771,2022-12-09,2023-01-23,RTO Delhi South
976,DL07AG5836,2022-04-07,2024-02-05,RTO Delhi South
977,DL07AG5909,2021-10-05,2021-12-13,RTO Delhi South
978,DL07AG6162,2022-10-21,2023-05-22,RTO Delhi North
979,DL07AG6237,2022-03-28,2023-05-06,RTO Delhi North
980,DL07AG6244,2021-01-16,2021-05-23,RTO Delhi North
981,DL07AG6307,2021-09-26,2022-09-18,RTO Delhi North
982,DL07AG6317,2023-11-06,2024-09-10,RTO Delhi South
983,DL07AG6469,2022-02-12,2022-06-13,RTO Delhi North
984,DL-07-AG-6540,2020-11-16,2021-11-30,RTO Delhi North
985,DL07AG6542,2025-03-27,2025-06-21,RTO Delhi North
986,DL07AG6550,2023-01-13,2024-06-15,RTO Delhi North
987,DL07AG6562,2023-06-13,2023-12-13,RTO Delhi Central
988,DL07AG6616,2022-02-10,2023-12-25,RTO Delhi South
989,DL07AG6698,2022-06-19,2023-07-09,RTO Delhi Central
990,DL07AG6768,2020-09-07,2022-08-05,RTO Delhi North
991,DL07AG6784,2021-05-01,2022-12-18,RTO Delhi Central
992,DL07AG7000,2025-01-27,2025-10-15,RTO Delhi North
993,DL07AG7033,2020-12-19,2021-06-23,RTO Delhi North
994,DL07AG7391,2024-12-14,2025-02-13,RTO Delhi North
995,DL07AG7449,2022-03-02,2022-11-17,RTO Delhi South
996,DL07AG7561,2024-04-17,2024-10-25,RTO Delhi Central
997,DL07AG7715,2024-11-07,2026-08-17,RTO Delhi Central
998,DL07AG7839,2021-09-18,2022-05-09,RTO Delhi Central
999,DL07AG7889,2023-03-21,2024-06-24,RTO Delhi North
1000,DL07AG7952,2021-04-29,2022-01-21,RTO Delhi South
1001,DL07AG8021,2025-05-30,2026-09-07,RTO Delhi South
1002,DL07AG8146,2022-06-24,2024-05-12,RTO Delhi North
1003,DL-07-AG-8327,2023-04-09,2024-01-02,RTO Delhi Central
1004,DL07AG8386,2023-12-29,2025-10-08,RTO Delhi Central
1005,DL07AG8494,2025-05-20,2026-01-13,RTO Delhi Central
1006,DL07AG8522,2024-01-03,2025-04-14,RTO Delhi North
1007,DL07AG8765,2022-03-02,2022-12-05,RTO Delhi North
1008,DL07AG8937,2022-12-02,2024-04-28,RTO Delhi Central
1009,DL07AG9163,2022-09-06,2023-12-02,RTO Delhi Central
1010,DL07AG9329,2022-07-10,2023-07-06,RTO Delhi Central
1011,DL07AG9352,2023-05-16,2023-06-29,RTO Delhi South
1012,DL07AG9514,2021-06-27,2021-12-29,RTO Delhi Central
1013,DL07AG9579,2020-12-27,2022-04-25,RTO Delhi North
1014,DL07AG9588,2023-11-10,2024-01-05,RTO Delhi Central
1015,DL07AG9615,2025-06-08,2025-11-25,RTO Delhi South
1016,DL07AG9616,2023-05-10,2024-10-04,RTO Delhi North
1017,DL07AG9621,2021-04-28,2021-09-08,RTO Delhi South
1018,DL07AG9822,2024-08-03,2025-03-15,RTO Delhi South
1019,DL-07-AG-9827,2021-09-07,2023-06-12,RTO Delhi South
1020,DL07AG9942,2025-01-06,2026-07-18,RTO Delhi South
1021,DL08AH0008,2024-10-29,2025-01-07,RTO Delhi Central
1022,DL08AH0010,2023-02-01,2023-11-06,RTO Delhi Central
1023,DL08AH0236,2023-02-25,2024-06-08,RTO Delhi Central
1024,DL08AH0282,2023-07-02,2024-05-20,RTO Delhi South
1025,DL08AH0284,2023-04-11,2024-07-26,RTO Delhi North
1026,DL08AH0292,2024-06-02,2025-01-01,RTO Delhi Central
1027,DL08AH0329,2024-06-22,2025-05-27,RTO Delhi North
1028,DL08AH0381,2024-08-10,2026-02-27,RTO Delhi South
1029,DL08AH0457,2022-09-29,2024-02-10,RTO Delhi Central
1030,DL08AH0468,2020-11-15,2022-09-26,RTO Delhi South
1031,DL08AH0539,2022-02-09,2023-05-30,RTO Delhi South
1032,DL-08-AH-0545,2024-08-03,2024-09-12,RTO Delhi North
1033,DL08AH0575,2020-10-26,2021-09-17,RTO Delhi South
1034,DL08AH0592,2022-07-17,2023-12-19,RTO Delhi North
1035,DL08AH0644,2024-10-20,2025-12-14,RTO Delhi South
1036,DL08AH0678,2023-12-16,2025-06-01,RTO Delhi North
1037,DL08AH0686,2024-01-25,2025-05-04,RTO Delhi Central
1038,DL08AH0697,2024-08-12,2025-03-25,RTO Delhi North
1039,DL08AH0701,2023-05-24,2024-02-22,RTO Delhi Central
1040,DL08AH0702,2022-01-09,2023-09-28,RTO Delhi North
1041,DL08AH0776,2025-01-27,2026-03-10,RTO Delhi Central
1042,DL08AH0798,2025-07-08,2025-12-19,RTO Delhi South
1043,DL08AH0804,2021-12-11,2023-02-21,RTO Delhi Central
1044,DL08AH0855,2023-04-15,2025-01-31,RTO Delhi Central
1045,DL08AH0912,2022-11-23,2024-01-14,RTO Delhi South
1046,DL08AH1066,2025-04-30,2026-12-13,RTO Delhi Central
1047,DL08AH1118,2022-02-02,2023-01-10,RTO Delhi South
1048,DL08AH1121,2021-08-31,2023-04-23,RTO Delhi North
1049,DL08AH1200,2022-05-13,2023-11-19,RTO Delhi South
1050,DL08AH1228,2022-02-13,2022-04-20,RTO Delhi North
1051,DL08AH1376,2022-02-18,2023-04-10,RTO Delhi Central
1052,DL08AH1426,2022-02-06,2023-01-16,RTO Delhi North
1053,DL08AH1482,2024-11-12,2025-05-10,RTO Delhi North
1054,DL08AH1511,2022-12-14,2024-02-21,RTO Delhi North
1055,DL08AH1582,2022-06-04,2023-07-18,RTO Delhi South
1056,DL08AH1643,2022-03-26,2023-09-03,RTO Delhi North
1057,DL08AH1810,2022-05-17,2022-10-30,RTO Delhi South
1058,DL08AH1819,2025-05-11,2026-02-12,RTO Delhi South
1059,DL08AH1987,2020-10-09,2022-03-22,RTO Delhi North
1060,DL08AH2063,2023-06-13,2024-06-12,RTO Delhi South
1061,DL08AH2102,2022-01-12,2023-07-04,RTO Delhi Central
1062,DL08AH2132,2023-09-13,2025-03-29,RTO Delhi South
1063,DL08AH2140,2022-05-24,2023-07-29,RTO Delhi Central
1064,DL-08-AH-2199,2024-02-07,2026-01-06,RTO Delhi South
1065,DL08AH2255,2023-10-16,2024-04-07,RTO Delhi North
1066,DL08AH2309,2022-05-28,2023-05-07,RTO Delhi South
1067,DL08AH2340,2022-07-16,2024-05-09,RTO Delhi Central
1068,DL08AH2350,2024-03-09,2025-10-08,RTO Delhi South
1069,DL08AH2357,2021-04-05,2021-08-23,RTO Delhi South
1070,DL-08-AH-2384,2021-06-26,2022-09-08,RTO Delhi Central
1071,DL-08-AH-2420,2020-12-13,2022-03-25,RTO Delhi Central
1072,DL08AH2512,2024-05-08,2025-11-21,RTO Delhi North
1073,DL08AH2529,2020-10-17,2021-05-18,RTO Delhi North
1074,DL08AH2544,2025-03-21,2026-05-08,RTO Delhi South
1075,DL08AH2603,2021-05-06,2022-10-14,RTO Delhi Central
1076,DL08AH2667,2021-06-17,2022-12-03,RTO Delhi North
1077,DL08AH2692,2022-08-23,2023-11-20,RTO Delhi Central
1078,DL08AH2768,2023-11-18,2024-08-30,RTO Delhi Central
1079,DL-08-AH-2845,2024-12-08,2026-09-08,RTO Delhi North
1080,DL08AH2848,2022-04-30,2022-10-25,RTO Delhi South
1081,DL08AH3000,2020-10-07,2020-11-09,RTO Delhi South
1082,DL08AH3048,2020-12-20,2022-01-09,RTO Delhi North
1083,DL08AH3060,2025-07-15,2027-03-16,RTO Delhi Central
1084,DL-08-AH-3147,2023-12-13,2025-03-22,RTO Delhi South
1085,DL08AH3259,2024-07-07,2026-01-16,RTO Delhi North
1086,DL08AH3385,2021-10-28,2023-04-03,RTO Delhi North
1087,DL08AH3519,2022-10-04,2024-01-22,RTO Delhi Central
1088,DL08AH3563,2022-09-22,2023-12-10,RTO Delhi North
1089,DL08AH3579,2023-05-18,2025-02-23,RTO Delhi North
1090,DL08AH3584,2022-12-12,2024-08-04,RTO Delhi South
1091,DL08AH3772,2024-03-14,2025-06-16,RTO Delhi Central
1092,DL08AH3792,2023-11-24,2023-12-26,RTO Delhi North
1093,DL08AH3920,2021-09-19,2023-03-29,RTO Delhi Central
1094,DL08AH3975,2021-02-10,2021-06-04,RTO Delhi Central
1095,DL08AH4085,2025-06-21,2026-08-20,RTO Delhi North
1096,DL08AH4177,2024-07-01,2025-01-19,RTO Delhi North
1097,DL08AH4341,2021-04-02,2023-02-11,RTO Delhi North
1098,DL-08-AH-4364,2023-01-24,2024-01-16,RTO Delhi Central
1099,DL08AH4531,2023-08-05,2024-05-18,RTO Delhi South
1100,DL08AH4593,2022-10-29,2023-11-10,RTO Delhi Central
1101,DL08AH4607,2025-05-28,2026-02-02,RTO Delhi South
1102,DL08AH4668,2024-07-31,2025-05-10,RTO Delhi North
1103,DL08AH4691,2024-10-09,2025-04-12,RTO Delhi North
1104,DL-08-AH-4847,2022-06-30,2023-09-20,RTO Delhi South
1105,DL08AH4946,2021-07-24,2022-08-27,RTO Delhi Central
1106,DL08AH4963,2022-06-10,2023-11-24,RTO Delhi South
1107,DL08AH5243,2021-02-20,2022-11-15,RTO Delhi Central
1108,DL08AH5341,2021-12-17,2023-03-18,RTO Delhi South
1109,DL08AH5392,2020-09-22,2022-08-01,RTO Delhi North
1110,DL08AH5454,2023-08-15,2025-05-24,RTO Delhi South
1111,DL08AH5456,2023-12-02,2025-01-20,RTO Delhi South
1112,DL-08-AH-5470,2021-11-10,2023-04-09,RTO Delhi North
1113,DL08AH5525,2022-10-19,2024-03-12,RTO Delhi North
1114,DL08AH5529,2021-12-27,2023-02-08,RTO Delhi South
1115,DL08AH5574,2023-11-22,2025-05-08,RTO Delhi Central
1116,DL08AH5631,2024-08-27,2025-01-25,RTO Delhi Central
1117,DL-08-AH-5674,2020-12-12,2021-06-06,RTO Delhi South
1118,DL08AH5849,2022-05-07,2023-11-29,RTO Delhi Central
1119,DL08AH5880,2022-01-31,2022-12-02,RTO Delhi North
1120,DL08AH5914,2022-12-02,2023-01-20,RTO Delhi North
1121,DL08AH5965,2022-02-05,2022-04-24,RTO Delhi Central
1122,DL08AH6011,2023-06-04,2025-02-12,RTO Delhi Central
1123,DL08AH6019,2022-08-04,2023-10-15,RTO Delhi South
1124,DL08AH6099,2025-02-05,2025-11-25,RTO Delhi South
1125,DL08AH6225,2022-12-19,2023-11-23,RTO Delhi North
1126,DL08AH6350,2024-05-13,2024-09-06,RTO Delhi Central
1127,DL08AH6435,2024-04-28,2025-04-02,RTO Delhi South
1128,DL-08-AH-6484,2025-01-11,2026-02-24,RTO Delhi North
1129,DL08AH6503,2024-10-05,2025-11-15,RTO Delhi South
1130,DL08AH6556,2024-08-26,2026-06-03,RTO Delhi South
1131,DL08AH6569,2023-10-12,2024-02-07,RTO Delhi South
1132,DL08AH6619,2024-07-01,2025-06-08,RTO Delhi North
1133,DL-08-AH-6622,2025-03-19,2027-01-02,RTO Delhi South
1134,DL08AH6720,2021-06-11,2022-02-24,RTO Delhi Central
1135,DL08AH6931,2022-10-04,2023-06-21,RTO Delhi Central
1136,DL08AH6955,2021-01-18,2022-08-21,RTO Delhi South
1137,DL-08-AH-6983,2022-11-29,2024-05-05,RTO Delhi North
1138,DL08AH7014,2023-11-28,2025-04-29,RTO Delhi North
1139,DL08AH7110,2023-04-24,2023-11-20,RTO Delhi Central
1140,DL08AH7128,2022-04-17,2024-02-29,RTO Delhi North
1141,DL08AH7139,2024-08-13,2026-04-14,RTO Delhi Central
1142,DL08AH7236,2023-08-16,2024-04-26,RTO Delhi South
1143,DL-08-AH-7278,2022-12-15,2023-10-07,RTO Delhi North
1144,DL08AH7304,2025-04-15,2027-01-28,RTO Delhi Central
1145,DL08AH7356,2021-06-29,2022-01-31,RTO Delhi Central
1146,DL08AH7397,2023-10-18,2024-05-19,RTO Delhi South
1147,DL-08-AH-7580,2022-05-10,2024-01-30,RTO Delhi Central
1148,DL08AH7607,2021-07-17,2021-12-19,RTO Delhi North
1149,DL08AH7656,2023-02-15,2024-04-17,RTO Delhi Central
1150,DL08AH7832,2023-05-17,2023-12-17,RTO Delhi South
1151,DL08AH7924,2022-12-16,2024-04-05,RTO Delhi South
1152,DL08AH7992,2023-07-18,2024-06-22,RTO Delhi North
1153,DL08AH7993,2022-02-06,2023-05-24,RTO Delhi South
1154,DL08AH8047,2023-09-20,2024-02-28,RTO Delhi Central
1155,DL08AH8104,2021-01-18,2021-04-08,RTO Delhi North
1156,DL08AH8135,2021-05-30,2021-11-03,RTO Delhi North
1157,DL08AH8139,2022-12-19,2023-05-23,RTO Delhi Central
1158,DL08AH8172,2025-08-03,2026-08-22,RTO Delhi North
1159,DL08AH8193,2020-11-14,2022-06-12,RTO Delhi South
1160,DL08AH8222,2023-05-09,2023-06-30,RTO Delhi Central
1161,DL08AH8385,2025-06-28,2026-04-25,RTO Delhi North
1162,DL08AH8504,2024-03-06,2025-10-26,RTO Delhi Central
1163,DL08AH8561,2021-03-22,2021-12-21,RTO Delhi Central
1164,DL08AH8697,2021-08-20,2023-05-04,RTO Delhi South
1165,DL08AH8907,2024-03-29,2024-10-05,RTO Delhi Central
1166,DL-08-AH-9069,2024-06-21,2025-07-19,RTO Delhi North
1167,DL-08-AH-9129,2025-08-28,2027-03-14,RTO Delhi Central
1168,DL08AH9131,2022-07-23,2023-06-23,RTO Delhi North
1169,DL08AH9276,2021-11-14,2023-10-01,RTO Delhi North
1170,DL08AH9415,2020-10-12,2021-01-28,RTO Delhi Central
1171,DL08AH9457,2025-04-27,2026-05-31,RTO Delhi North
1172,DL08AH9471,2023-09-18,2025-01-15,RTO Delhi South
1173,DL08AH9482,2023-08-09,2025-02-10,RTO Delhi North
1174,DL08AH9507,2021-04-06,2022-03-23,RTO Delhi South
1175,DL-08-AH-9516,2020-09-18,2021-11-21,RTO Delhi North
1176,DL08AH9569,2023-08-27,2024-06-10,RTO Delhi Central
1177,DL08AH9593,2024-07-10,2025-09-09,RTO Delhi North
1178,DL-08-AH-9806,2024-06-17,2025-08-29,RTO Delhi Central
1179,DL08AH9818,2023-05-03,2023-11-22,RTO Delhi Central
1180,DL08AH9840,2025-05-06,2025-08-21,RTO Delhi South
1181,DL08AH9887,2022-05-16,2023-02-23,RTO Delhi North
1182,DL-08-AH-9905,2020-12-11,2021-11-18,RTO Delhi North
1183,DL-08-AH-9964,2022-10-05,2024-08-18,RTO Delhi Central
1184,DL-08-AH-9997,2021-12-21,2022-06-22,RTO Delhi South
1185,DL09AI0120,2022-10-02,2023-12-21,RTO Delhi South
1186,DL-09-AI-0173,2023-12-16,2024-10-20,RTO Delhi North
1187,DL09AI0301,2025-09-01,2026-10-05,RTO Delhi Central
1188,DL09AI0676,2021-04-24,2021-09-27,RTO Delhi South
1189,DL09AI0728,2024-11-28,2025-03-27,RTO Delhi North
1190,DL09AI0931,2022-08-21,2024-02-09,RTO Delhi South
1191,DL09AI1057,2021-10-18,2023-06-07,RTO Delhi Central
1192,DL09AI1070,2022-06-22,2024-04-12,RTO Delhi North
1193,DL09AI1167,2023-01-14,2024-11-25,RTO Delhi South
1194,DL09AI1183,2022-10-07,2024-08-06,RTO Delhi South
1195,DL09AI1205,2021-10-22,2023-09-15,RTO Delhi North
1196,DL09AI1226,2024-08-28,2026-06-15,RTO Delhi Central
1197,DL09AI1351,2024-12-28,2026-09-20,RTO Delhi Central
1198,DL09AI1381,2024-11-27,2025-12-07,RTO Delhi South
1199,DL09AI1399,2024-09-30,2025-11-26,RTO Delhi South
1200,DL09AI1416,2021-08-12,2021-10-03,RTO Delhi South
1201,DL09AI1439,2022-02-06,2022-09-01,RTO Delhi South
1202,DL09AI1560,2022-11-25,2023-02-23,RTO Delhi North
1203,DL09AI1609,2024-01-04,2024-07-06,RTO Delhi South
1204,DL09AI1678,2024-05-24,2026-01-27,RTO Delhi Central
1205,DL-09-AI-1691,2025-01-07,2025-12-08,RTO Delhi South
1206,DL09AI1927,2022-05-17,2024-03-07,RTO Delhi North
1207,DL09AI1959,2021-04-21,2022-02-05,RTO Delhi North
1208,DL09AI1973,2024-02-17,2025-03-05,RTO Delhi South
1209,DL09AI1987,2024-12-22,2026-07-31,RTO Delhi South
1210,DL09AI2149,2020-12-26,2021-03-16,RTO Delhi North
1211,DL09AI2155,2023-03-27,2024-07-23,RTO Delhi Central
1212,DL09AI2213,2024-10-20,2026-06-19,RTO Delhi North
1213,DL09AI2240,2021-06-04,2021-11-11,RTO Delhi Central
1214,DL09AI2242,2023-07-31,2025-06-08,RTO Delhi South
1215,DL09AI2345,2021-05-15,2022-09-03,RTO Delhi Central
1216,DL09AI2397,2023-12-23,2024-05-15,RTO Delhi North
1217,DL09AI2502,2025-07-01,2026-03-20,RTO Delhi North
1218,DL09AI2544,2023-04-02,2024-10-25,RTO Delhi Central
1219,DL09AI2578,2022-11-11,2023-03-14,RTO Delhi Central
1220,DL09AI2719,2021-03-06,2022-08-26,RTO Delhi North
1221,DL-09-AI-2727,2022-01-17,2023-04-10,RTO Delhi South
1222,DL09AI2960,2020-11-21,2021-08-17,RTO Delhi North
1223,DL09AI3066,2021-01-11,2021-12-29,RTO Delhi South
1224,DL09AI3130,2023-04-02,2024-09-16,RTO Delhi North
1225,DL09AI3136,2025-01-03,2026-09-10,RTO Delhi North
1226,DL09AI3202,2021-12-28,2022-08-20,RTO Delhi North
1227,DL09AI3227,2024-09-27,2026-04-13,RTO Delhi North
1228,DL09AI3283,2020-11-17,2021-10-11,RTO Delhi North
1229,DL09AI3307,2024-03-27,2025-04-22,RTO Delhi South
1230,DL09AI3320,2021-07-03,2022-02-20,RTO Delhi South
1231,DL09AI3442,2024-02-06,2024-10-25,RTO Delhi South
1232,DL09AI3507,2024-05-21,2026-02-13,RTO Delhi South
1233,DL09AI3579,2024-11-09,2025-10-02,RTO Delhi Central
1234,DL09AI3606,2024-02-22,2024-04-09,RTO Delhi North
1235,DL09AI3611,2021-08-02,2022-03-20,RTO Delhi South
1236,DL09AI3695,2023-01-23,2024-05-29,RTO Delhi Central
1237,DL09AI3746,2023-03-28,2024-08-21,RTO Delhi North
1238,DL-09-AI-3748,2020-11-17,2022-03-01,RTO Delhi South
1239,DL09AI3810,2020-09-11,2021-11-02,RTO Delhi Central
1240,DL09AI3886,2023-05-25,2023-09-02,RTO Delhi South
1241,DL09AI4012,2022-11-26,2024-10-11,RTO Delhi North
1242,DL09AI4080,2021-04-23,2022-03-04,RTO Delhi North
1243,DL09AI4246,2024-07-18,2024-12-27,RTO Delhi South
1244,DL09AI4259,2023-08-20,2025-05-31,RTO Delhi South
1245,DL09AI4607,2022-02-28,2023-09-04,RTO Delhi South
1246,DL09AI4659,2023-06-20,2024-09-03,RTO Delhi South
1247,DL09AI4696,2021-08-31,2022-10-21,RTO Delhi North
1248,DL-09-AI-4717,2023-03-02,2025-01-21,RTO Delhi Central
1249,DL09AI4874,2023-08-23,2024-06-14,RTO Delhi North
1250,DL09AI4886,2022-02-19,2022-10-02,RTO Delhi South
1251,DL09AI4889,2023-03-20,2023-04-20,RTO Delhi Central
1252,DL09AI4896,2023-09-08,2024-02-04,RTO Delhi Central
1253,DL09AI4939,2021-01-03,2022-09-04,RTO Delhi Central
1254,DL09AI5097,2025-06-26,2026-12-14,RTO Delhi Central
1255,DL09AI5175,2025-06-12,2027-01-15,RTO Delhi South
1256,DL09AI5180,2025-04-24,2025-11-12,RTO Delhi Central
1257,DL09AI5181,2024-09-22,2025-04-09,RTO Delhi North
1258,DL09AI5215,2024-09-22,2024-11-17,RTO Delhi North
1259,DL09AI5256,2025-02-20,2026-06-10,RTO Delhi South
1260,DL09AI5394,2024-03-28,2024-10-31,RTO Delhi North
1261,DL09AI5426,2023-11-14,2024-07-31,RTO Delhi Central
1262,DL09AI5461,2022-11-25,2023-10-06,RTO Delhi South
1263,DL09AI5477,2020-10-23,2021-09-08,RTO Delhi North
1264,DL09AI5649,2024-12-21,2025-05-17,RTO Delhi North
1265,DL09AI5717,2022-04-13,2023-08-10,RTO Delhi South
1266,DL09AI5813,2021-04-17,2022-05-12,RTO Delhi Central
1267,DL09AI5823,2021-05-16,2022-12-03,RTO Delhi North
1268,DL09AI5909,2020-11-22,2021-02-14,RTO Delhi South
1269,DL09AI5990,2020-11-30,2022-10-25,RTO Delhi South
1270,DL09AI6163,2021-06-09,2021-12-30,RTO Delhi South
1271,DL09AI6200,2022-03-25,2023-05-10,RTO Delhi North
1272,DL09AI6275,2023-10-03,2024-12-15,RTO Delhi South
1273,DL09AI6356,2025-04-21,2025-06-26,RTO Delhi South
1274,DL09AI6374,2024-08-29,2025-06-18,RTO Delhi Central
1275,DL09AI6400,2021-06-11,2021-11-15,RTO Delhi Central
1276,DL09AI6474,2021-05-30,2022-02-23,RTO Delhi South
1277,DL09AI6499,2025-01-22,2026-08-31,RTO Delhi South
1278,DL09AI6511,2021-07-11,2022-06-28,RTO Delhi North
1279,DL-09-AI-6563,2025-08-13,2026-02-03,RTO Delhi South
1280,DL09AI6662,2021-03-11,2021-05-22,RTO Delhi North
1281,DL09AI6673,2021-03-21,2022-12-28,RTO Delhi Central
1282,DL09AI6706,2023-09-18,2024-06-22,RTO Delhi South
1283,DL09AI6752,2023-01-28,2024-02-12,RTO Delhi South
1284,DL09AI6846,2023-06-07,2024-10-12,RTO Delhi South
1285,DL09AI6900,2024-07-26,2025-09-09,RTO Delhi South
1286,DL09AI6951,2023-01-15,2024-11-13,RTO Delhi North
1287,DL-09-AI-6991,2022-11-13,2024-08-31,RTO Delhi Central
1288,DL09AI7012,2025-05-29,2026-11-04,RTO Delhi North
1289,DL09AI7026,2023-08-21,2023-12-02,RTO Delhi Central
1290,DL09AI7062,2024-01-29,2025-02-03,RTO Delhi Central
1291,DL09AI7153,2021-09-27,2023-04-05,RTO Delhi South
1292,DL09AI7404,2021-10-14,2022-02-06,RTO Delhi North
1293,DL09AI7410,2021-12-05,2023-05-10,RTO Delhi North
1294,DL09AI7416,2024-11-23,2026-01-04,RTO Delhi South
1295,DL09AI7500,2021-05-26,2022-02-26,RTO Delhi Central
1296,DL09AI7538,2023-04-07,2023-10-05,RTO Delhi South
1297,DL09AI7580,2021-03-18,2021-04-28,RTO Delhi South
1298,DL09AI7670,2024-04-29,2025-11-02,RTO Delhi Central
1299,DL09AI7684,2022-07-27,2023-05-26,RTO Delhi Central
1300,DL09AI7747,2022-07-21,2023-02-27,RTO Delhi South
1301,DL09AI7782,2023-06-27,2024-08-29,RTO Delhi North
1302,DL09AI7806,2023-04-22,2023-10-14,RTO Delhi North
1303,DL09AI7835,2021-08-06,2023-05-23,RTO Delhi North
1304,DL09AI7841,2022-03-22,2022-04-30,RTO Delhi South
1305,DL-09-AI-7881,2022-10-21,2023-08-10,RTO Delhi North
1306,DL09AI7900,2023-02-08,2024-02-17,RTO Delhi South
1307,DL09AI8039,2020-10-17,2021-04-19,RTO Delhi Central
1308,DL09AI8117,2024-01-11,2024-09-25,RTO Delhi North
1309,DL-09-AI-8125,2021-04-16,2022-03-12,RTO Delhi South
1310,DL09AI8184,2023-11-18,2024-11-03,RTO Delhi North
1311,DL09AI8188,2023-07-17,2024-10-30,RTO Delhi North
1312,DL09AI8259,2021-12-08,2022-06-28,RTO Delhi Central
1313,DL09AI8381,2021-10-11,2023-08-14,RTO Delhi North
1314,DL09AI8389,2022-01-21,2022-09-26,RTO Delhi South
1315,DL-09-AI-8395,2024-06-14,2025-01-15,RTO Delhi North
1316,DL09AI8452,2022-11-08,2024-08-04,RTO Delhi North
1317,DL09AI8501,2023-03-11,2024-08-09,RTO Delhi South
1318,DL09AI8555,2025-02-27,2025-04-17,RTO Delhi Central
1319,DL09AI8647,2021-08-08,2023-01-03,RTO Delhi South
1320,DL09AI8696,2021-05-24,2021-08-20,RTO Delhi Central
1321,DL09AI8777,2024-06-27,2025-05-25,RTO Delhi Central
1322,DL09AI8781,2023-02-20,2024-12-28,RTO Delhi Central
1323,DL09AI8815,2024-09-01,2026-04-08,RTO Delhi Central
1324,DL09AI8835,2024-01-27,2024-07-13,RTO Delhi South
1325,DL09AI9016,2025-08-29,2026-06-13,RTO Delhi South
1326,DL09AI9065,2021-03-26,2021-11-21,RTO Delhi Central
1327,DL09AI9166,2022-08-01,2022-10-23,RTO Delhi North
1328,DL09AI9192,2024-09-24,2026-07-08,RTO Delhi Central
1329,DL09AI9241,2022-05-10,2023-08-09,RTO Delhi Central
1330,DL09AI9353,2021-02-17,2023-01-10,RTO Delhi South
1331,DL09AI9364,2022-01-30,2023-01-23,RTO Delhi Central
1332,DL09AI9399,2022-03-16,2024-01-31,RTO Delhi Central
1333,DL09AI9539,2022-11-24,2024-04-28,RTO Delhi Central
1334,DL-09-AI-9593,2021-12-16,2023-04-06,RTO Delhi South
1335,DL09AI9687,2025-04-17,2025-07-08,RTO Delhi South
1336,DL09AI9705,2020-11-19,2022-03-25,RTO Delhi Central
1337,DL09AI9733,2025-03-19,2026-08-20,RTO Delhi Central
1338,DL09AI9889,2023-01-08,2023-07-30,RTO Delhi North
1339,DL09AI9974,2021-07-27,2022-12-21,RTO Delhi North
1340,DL10AJ0027,2023-05-18,2023-10-19,RTO Delhi South
1341,DL10AJ0096,2021-03-24,2022-09-09,RTO Delhi North
1342,DL10AJ0111,2022-09-05,2023-05-10,RTO Delhi South
1343,DL10AJ0128,2022-11-02,2023-12-22,RTO Delhi Central
1344,DL10AJ0198,2021-07-27,2021-11-24,RTO Delhi South
1345,DL10AJ0266,2021-08-26,2022-11-02,RTO Delhi Central
1346,DL10AJ0357,2025-02-14,2025-07-03,RTO Delhi Central
1347,DL10AJ0422,2021-05-21,2022-11-09,RTO Delhi North
1348,DL-10-AJ-0461,2023-02-12,2023-09-03,RTO Delhi South
1349,DL10AJ0480,2024-09-27,2025-12-27,RTO Delhi South
1350,DL10AJ0519,2022-09-03,2023-08-01,RTO Delhi North
1351,DL10AJ0520,2022-11-19,2024-04-25,RTO Delhi South
1352,DL10AJ0573,2025-03-08,2025-07-04,RTO Delhi South
1353,DL10AJ0673,2025-02-05,2025-12-27,RTO Delhi South
1354,DL10AJ0794,2023-01-14,2024-07-31,RTO Delhi North
1355,DL10AJ0921,2025-03-12,2025-06-06,RTO Delhi South
1356,DL10AJ0957,2023-12-26,2025-09-16,RTO Delhi Central
1357,DL10AJ0964,2021-02-15,2021-05-31,RTO Delhi Central
1358,DL10AJ1163,2022-11-25,2023-08-30,RTO Delhi Central
1359,DL10AJ1214,2025-07-12,2027-04-29,RTO Delhi North
1360,DL10AJ1272,2020-10-08,2022-01-29,RTO Delhi North
1361,DL10AJ1289,2023-01-08,2023-12-26,RTO Delhi Central
1362,DL10AJ1303,2022-02-08,2022-03-17,RTO Delhi North
1363,DL10AJ1382,2022-01-01,2023-10-14,RTO Delhi North
1364,DL10AJ1384,2020-10-29,2022-03-14,RTO Delhi South
1365,DL10AJ1411,2023-07-21,2024-02-12,RTO Delhi Central
1366,DL10AJ1422,2021-11-19,2022-12-14,RTO Delhi South
1367,DL-10-AJ-1506,2022-01-15,2022-06-02,RTO Delhi South
1368,DL10AJ1521,2022-07-08,2023-11-23,RTO Delhi Central
1369,DL10AJ1655,2021-07-02,2022-10-31,RTO Delhi South
1370,DL10AJ1680,2020-10-14,2022-04-16,RTO Delhi North
1371,DL-10-AJ-1715,2025-04-15,2025-11-09,RTO Delhi Central
1372,DL10AJ1891,2024-03-02,2025-07-24,RTO Delhi South
1373,DL10AJ1905,2021-04-19,2022-06-18,RTO Delhi North
1374,DL10AJ1917,2023-09-09,2025-05-25,RTO Delhi North
1375,DL10AJ1924,2025-02-05,2026-07-17,RTO Delhi Central
1376,DL10AJ1988,2024-07-14,2026-03-15,RTO Delhi North
1377,DL10AJ2124,2025-01-28,2025-04-19,RTO Delhi Central
1378,DL10AJ2141,2024-12-09,2025-11-18,RTO Delhi North
1379,DL10AJ2214,2022-07-19,2024-02-11,RTO Delhi Central
1380,DL10AJ2260,2022-09-01,2024-06-08,RTO Delhi South
1381,DL10AJ2349,2021-04-25,2022-05-21,RTO Delhi Central
1382,DL10AJ2435,2024-04-05,2024-11-19,RTO Delhi Central
1383,DL10AJ2459,2021-02-22,2021-12-24,RTO Delhi Central
1384,DL10AJ2493,2025-08-22,2027-04-12,RTO Delhi North
1385,DL10AJ2591,2021-09-03,2023-01-25,RTO Delhi South
1386,DL10AJ2662,2023-03-13,2024-07-27,RTO Delhi Central
1387,DL10AJ2708,2023-07-03,2024-08-18,RTO Delhi Central
1388,DL10AJ2778,2022-03-24,2022-12-24,RTO Delhi Central
1389,DL10AJ2801,2023-12-23,2025-05-03,RTO Delhi North
1390,DL10AJ2901,2024-03-01,2024-04-16,RTO Delhi South
1391,DL10AJ3032,2020-12-01,2021-05-24,RTO Delhi North
1392,DL10AJ3302,2022-05-18,2022-10-26,RTO Delhi South
1393,DL10AJ3447,2023-12-14,2024-05-07,RTO Delhi Central
1394,DL10AJ3525,2020-12-16,2021-07-09,RTO Delhi North
1395,DL10AJ3718,2022-10-20,2024-03-08,RTO Delhi South
1396,DL10AJ3850,2025-04-29,2026-01-29,RTO Delhi Central
1397,DL10AJ3872,2024-05-21,2025-07-11,RTO Delhi North
1398,DL10AJ3926,2024-06-24,2024-09-30,RTO Delhi Central
1399,DL10AJ4058,2022-01-28,2023-12-01,RTO Delhi Central
1400,DL10AJ4098,2024-06-03,2025-06-27,RTO Delhi Central
1401,DL10AJ4155,2025-06-30,2026-03-26,RTO Delhi North
1402,DL10AJ4156,2021-09-13,2023-05-29,RTO Delhi North
1403,DL10AJ4163,2020-09-09,2021-02-04,RTO Delhi South
1404,DL10AJ4203,2024-04-07,2024-08-19,RTO Delhi North
1405,DL10AJ4276,2021-11-12,2022-10-17,RTO Delhi North
1406,DL10AJ4297,2023-09-29,2025-03-31,RTO Delhi Central
1407,DL10AJ4329,2024-10-13,2024-11-20,RTO Delhi North
1408,DL10AJ4339,2023-10-18,2024-01-08,RTO Delhi Central
1409,DL10AJ4381,2021-03-11,2022-04-10,RTO Delhi South
1410,DL10AJ4466,2023-03-16,2024-04-13,RTO Delhi South
1411,DL10AJ4493,2022-04-02,2023-09-08,RTO Delhi South
1412,DL10AJ4540,2023-08-16,2025-07-01,RTO Delhi North
1413,DL10AJ4646,2024-08-04,2026-03-10,RTO Delhi Central
1414,DL10AJ4692,2024-04-01,2025-01-25,RTO Delhi North
1415,DL-10-AJ-4811,2025-08-11,2026-04-17,RTO Delhi North
1416,DL10AJ4919,2021-05-19,2022-03-23,RTO Delhi Central
1417,DL10AJ4924,2020-12-13,2022-10-04,RTO Delhi South
1418,DL10AJ4972,2024-12-02,2025-03-31,RTO Delhi North
1419,DL10AJ5164,2022-07-31,2024-02-23,RTO Delhi South
1420,DL10AJ5448,2023-10-16,2023-12-22,RTO Delhi North
1421,DL10AJ5491,2024-08-01,2026-04-29,RTO Delhi South
1422,DL10AJ5561,2024-05-05,2024-08-22,RTO Delhi South
1423,DL10AJ5647,2023-04-24,2024-09-29,RTO Delhi Central
1424,DL10AJ5673,2022-11-07,2023-09-07,RTO Delhi North
1425,DL10AJ5748,2025-01-04,2026-09-12,RTO Delhi South
1426,DL10AJ5817,2025-01-03,2026-01-10,RTO Delhi North
1427,DL10AJ5932,2024-11-14,2026-03-27,RTO Delhi South
1428,DL10AJ5991,2021-05-01,2021-09-18,RTO Delhi South
1429,DL10AJ6180,2023-02-24,2023-12-07,RTO Delhi North
1430,DL10AJ6276,2024-02-29,2025-12-04,RTO Delhi South
1431,DL10AJ6289,2020-10-09,2020-11-27,RTO Delhi South
1432,DL10AJ6345,2025-01-16,2025-12-14,RTO Delhi North
1433,DL10AJ6434,2025-07-26,2027-01-16,RTO Delhi South
1434,DL10AJ6463,2025-08-20,2027-05-24,RTO Delhi North
1435,DL10AJ6530,2021-04-02,2021-06-13,RTO Delhi Central
1436,DL10AJ6542,2022-08-14,2022-10-14,RTO Delhi Central
1437,DL10AJ6605,2024-01-13,2025-01-04,RTO Delhi Central
1438,DL10AJ6810,2021-08-19,2022-03-04,RTO Delhi North
1439,DL10AJ7004,2022-11-14,2023-12-28,RTO Delhi North
1440,DL10AJ7080,2025-06-10,2025-10-09,RTO Delhi Central
1441,DL10AJ7154,2021-01-03,2022-01-21,RTO Delhi Central
1442,DL10AJ7196,2024-09-06,2026-02-08,RTO Delhi North
1443,DL-10-AJ-7248,2022-10-26,2023-11-22,RTO Delhi North
1444,DL10AJ7290,2022-12-11,2023-11-30,RTO Delhi Central
1445,DL10AJ7310,2022-12-03,2023-08-24,RTO Delhi Central
1446,DL10AJ7370,2021-07-09,2023-01-16,RTO Delhi South
1447,DL10AJ7404,2021-11-26,2022-08-31,RTO Delhi North
1448,DL-10-AJ-7472,2025-05-20,2026-08-13,RTO Delhi North
1449,DL10AJ7605,2025-02-09,2025-12-07,RTO Delhi Central
1450,DL10AJ7609,2023-05-23,2023-07-09,RTO Delhi North
1451,DL10AJ7647,2023-07-08,2023-09-01,RTO Delhi South
1452,DL10AJ7671,2023-05-15,2024-05-12,RTO Delhi North
1453,DL10AJ7771,2022-01-15,2022-05-26,RTO Delhi South
1454,DL10AJ7818,2022-02-05,2022-12-08,RTO Delhi Central
1455,DL10AJ7853,2022-08-27,2023-12-28,RTO Delhi Central
1456,DL10AJ7880,2021-10-19,2023-09-12,RTO Delhi Central
1457,DL10AJ7912,2023-03-06,2023-12-13,RTO Delhi Central
1458,DL10AJ7973,2020-11-10,2021-11-10,RTO Delhi Central
1459,DL10AJ7978,2024-09-03,2025-08-06,RTO Delhi North
1460,DL10AJ8032,2022-03-10,2022-07-17,RTO Delhi South
1461,DL10AJ8038,2020-12-17,2022-10-24,RTO Delhi Central
1462,DL10AJ8059,2023-08-23,2024-03-09,RTO Delhi North
1463,DL10AJ8167,2024-06-10,2025-03-15,RTO Delhi Central
1464,DL10AJ8174,2025-04-14,2025-10-05,RTO Delhi North
1465,DL10AJ8176,2022-08-10,2022-12-23,RTO Delhi Central
1466,DL10AJ8235,2021-12-02,2022-11-15,RTO Delhi South
1467,DL10AJ8366,2022-07-10,2023-08-20,RTO Delhi South
1468,DL10AJ8419,2023-05-04,2024-09-02,RTO Delhi North
1469,DL10AJ8430,2021-05-30,2023-03-26,RTO Delhi North
1470,DL10AJ8453,2025-07-07,2027-02-03,RTO Delhi Central
1471,DL10AJ8536,2020-09-11,2021-01-18,RTO Delhi South
1472,DL10AJ8548,2021-01-27,2021-09-28,RTO Delhi South
1473,DL10AJ8567,2022-08-02,2024-03-19,RTO Delhi Central
1474,DL10AJ8669,2023-07-16,2025-04-29,RTO Delhi North
1475,DL10AJ8759,2023-08-30,2023-10-14,RTO Delhi Central
1476,DL10AJ8771,2022-07-22,2023-04-23,RTO Delhi North
1477,DL10AJ8848,2022-01-23,2023-02-16,RTO Delhi North
1478,DL10AJ8858,2020-11-19,2021-09-16,RTO Delhi South
1479,DL10AJ8992,2024-08-15,2026-03-01,RTO Delhi Central
1480,DL10AJ8994,2024-08-21,2025-10-16,RTO Delhi Central
1481,DL-10-AJ-9035,2023-05-23,2024-11-21,RTO Delhi Central
1482,DL10AJ9061,2021-11-24,2022-11-20,RTO Delhi South
1483,DL10AJ9125,2024-11-05,2026-08-10,RTO Delhi Central
1484,DL10AJ9148,2022-10-24,2023-06-27,RTO Delhi North
1485,DL-10-AJ-9374,2022-03-04,2022-09-10,RTO Delhi Central
1486,DL10AJ9458,2021-10-22,2022-12-10,RTO Delhi South
1487,DL10AJ9536,2024-03-02,2024-04-06,RTO Delhi Central
1488,DL10AJ9613,2023-12-15,2024-12-29,RTO Delhi South
1489,DL10AJ9641,2021-08-25,2022-08-15,RTO Delhi South
1490,DL10AJ9663,2022-12-29,2024-07-18,RTO Delhi Central
1491,DL10AJ9680,2024-05-17,2025-10-05,RTO Delhi Central
1492,DL10AJ9693,2022-08-11,2023-08-25,RTO Delhi South
1493,DL10AJ9775,2022-09-25,2023-12-11,RTO Delhi North
1494,DL10AJ9871,2023-12-31,2024-06-27,RTO Delhi North
1495,DL-10-AJ-9901,2025-02-14,2026-07-15,RTO Delhi Central
1496,DL10AJ9943,2020-10-30,2021-08-17,RTO Delhi North
1497,DL10AJ9973,2023-09-17,2024-03-16,RTO Delhi Central
1498,DL10AJ9991,2024-10-29,2026-01-31,RTO Delhi South
1499,DL99ZZ9037,2022-05-19,2022-11-01,RTO Delhi North
1500,DL99ZZ9026,2023-11-09,2024-12-31,RTO Delhi South
1501,DL99ZZ9031,2023-06-06,2023-08-30,RTO Delhi North
1502,DL99ZZ9006,2023-02-28,2024-05-13,RTO Delhi North
1503,DL99ZZ9036,2024-05-31,2026-03-17,RTO Delhi Central
